order,question_id,movie_title,question,condition,answer,confidence,p_E,explanation,explanation_hit_limit
0,FH-76,REELING ISAAC,How does the man feel about knocking on the door?,Q,E,0.5969655560652366,0.727921783924102,I chose this answer because the given information does not provide any details about the man's feelings or thoughts regarding knocking on the door.,False
0,FH-76,REELING ISAAC,How does the man feel about knocking on the door?,Q_noE,D,0.51867145782962,0.0,I chose D because the man expresses nervousness about knocking on the door.,False
0,FH-76,REELING ISAAC,How does the man feel about knocking on the door?,T,E,0.5867954787844846,0.961466073989868,"I chose this answer because the transcript indicates there is no dialogue, making it impossible to determine the man's feelings about knocking on the door.",False
0,FH-76,REELING ISAAC,How does the man feel about knocking on the door?,VT,E,0.8812291232949956,0.9626213908195491,"The answer is 'E' because the video transcript does not provide any dialogue, making it impossible to determine the man's feelings.",False
0,FH-76,REELING ISAAC,How does the man feel about knocking on the door?,VTmis,E,0.6441841991843229,0.8435957431793211,The given information does not provide any context about the man's feelings or thoughts regarding knocking on the door.,False
1,97rJU,SWING FOR THE FENCES,How does the young woman feel about the older woman's violent reaction?,Q,E,0.663351572505087,0.522372484207153,I chose this answer because the given information does not provide any details about the young woman's feelings or reactions to the older woman's violent behavior.,False
1,97rJU,SWING FOR THE FENCES,How does the young woman feel about the older woman's violent reaction?,Q_noE,A,0.6406446206677738,0.0,"I chose this answer because it directly addresses the young woman's emotional response to the older woman's violent reaction, indicating her fear and attempt to avoid further harm.",False
1,97rJU,SWING FOR THE FENCES,How does the young woman feel about the older woman's violent reaction?,T,A,0.6508190286566966,0.33636760711669905,The answer is A because the young woman's action of stepping back suggests she is trying to avoid further conflict or harm.,False
1,97rJU,SWING FOR THE FENCES,How does the young woman feel about the older woman's violent reaction?,VT,A,0.6003109602216891,0.131780430674552,"The young woman steps back after the older woman's violent reaction, indicating she feels scared.",False
1,97rJU,SWING FOR THE FENCES,How does the young woman feel about the older woman's violent reaction?,VTmis,A,0.6787083030285065,0.10549906641244801,"The young woman steps back after the older woman's violent reaction, indicating she feels scared.",False
2,cP4lM,THE GUARD,Why does the man refuse to use the knife at dinner?,Q,A,0.9789307682178122,0.083455704152584,"I chose this answer because it aligns with the context provided in the question, indicating a fear of hurting his wife and unborn child.",False
2,cP4lM,THE GUARD,Why does the man refuse to use the knife at dinner?,Q_noE,A,0.9664545578743677,0.0,"I chose this answer because it aligns with the context provided in the question, indicating a fear of hurting his wife and unborn child.",False
2,cP4lM,THE GUARD,Why does the man refuse to use the knife at dinner?,T,A,0.9984758280562178,0.060000553727149006,The man refuses to use the knife at dinner because he is afraid of hurting his wife and unborn child.,False
2,cP4lM,THE GUARD,Why does the man refuse to use the knife at dinner?,VT,A,0.9979806762394113,0.084941804409027,The man refuses to use the knife at dinner because he is afraid of hurting his wife and unborn child.,False
2,cP4lM,THE GUARD,Why does the man refuse to use the knife at dinner?,VTmis,A,0.9984311637583124,0.047354992479085006,The man refuses to use the knife at dinner because he is afraid of hurting his wife and unborn child.,False
3,XESWo,MOTHER,How does the woman feel during the call?,Q,E,0.5630281730479565,0.5126408934593201,I chose this answer because the given information does not provide enough context or details to determine the woman's feelings during the call.,False
3,XESWo,MOTHER,How does the woman feel during the call?,Q_noE,B,0.4591227352102886,0.0,"I chose this answer because it aligns with the sequence of emotions described in the question, starting with curiosity, transitioning to fear, and ending with anger that the woman tries to manage.",False
3,XESWo,MOTHER,How does the woman feel during the call?,T,C,0.9730846604614042,0.05856410786509501,"The answer is C because the woman's emotions transition from surprise to anger, and she ends the call feeling nervous but trying to be understanding.",False
3,XESWo,MOTHER,How does the woman feel during the call?,VT,C,0.7257355193055336,0.139365538954734,"The woman's initial surprise and anger are evident from the dialogue, and she ends the call trying to be understanding despite her nervousness.",False
3,XESWo,MOTHER,How does the woman feel during the call?,VTmis,C,0.7070934025454918,0.136273488402366,"The woman feels surprised at first, then angry, and ends the call feeling nervous but trying to be understanding.",False
4,6p7dK,GARFIELD,How would one describe the expression on the man's face?,Q,E,0.4830536720478436,0.9477163553237911,I chose this answer because the given information does not provide any details about the man's facial expression.,False
4,6p7dK,GARFIELD,How would one describe the expression on the man's face?,Q_noE,A,0.4000250652410964,0.0,"I chose this answer because the question asks about the expression on the man's face, and option A suggests he appears to be nervous, which is a plausible description of his facial expression.",False
4,6p7dK,GARFIELD,How would one describe the expression on the man's face?,T,E,0.5791209763583927,0.9208357334136961,The answer is E because the given information does not provide any details about the man's facial expression.,False
4,6p7dK,GARFIELD,How would one describe the expression on the man's face?,VT,E,0.5987344284689257,0.9573875665664671,The given information does not provide enough context to determine the man's expression.,False
4,6p7dK,GARFIELD,How would one describe the expression on the man's face?,VTmis,E,0.4085041143734174,0.993171215057373,"The given information does not provide any details about the man's expression, so the correct answer is that it cannot be determined.",False
5,vXeRH,"MOTHER, CHILD",Why did the man return despite being so determined to leave?,Q,A,0.6104630410639937,0.22382080554962103,"I chose this answer because it suggests that the man's love and care for his mother, despite his anger and annoyance, led him to return to help her both emotionally and physically.",False
5,vXeRH,"MOTHER, CHILD",Why did the man return despite being so determined to leave?,Q_noE,A,0.5624155627413376,0.0,"I chose this answer because it highlights the emotional and physical dependency the man feels towards his mother, which outweighs his anger and annoyance, compelling him to return.",False
5,vXeRH,"MOTHER, CHILD",Why did the man return despite being so determined to leave?,T,A,0.9546984095677327,0.021959315985441003,"I chose this answer because it reflects the man's emotional attachment to his mother and his willingness to return despite his anger and annoyance, indicating that his love and care for her are stronger than his resentment.",False
5,vXeRH,"MOTHER, CHILD",Why did the man return despite being so determined to leave?,VT,A,0.9314580502331493,0.021436218172311002,"The answer is A because it reflects the man's internal conflict and his realization of his dependence on his mother, which is a common theme in the video.",False
5,vXeRH,"MOTHER, CHILD",Why did the man return despite being so determined to leave?,VTmis,A,0.9410881789831865,0.016944566741585003,"The answer is A because it aligns with the theme of the man's love and care for his mother, despite his anger and annoyance, which compelled him to return to help her.",False
6,IESLM,MARYAM JOON,Why does the young woman touch the fruit to her face?,Q,E,0.6955192727844816,0.681766867637634,I chose this answer because the given information does not provide enough context to determine the reason for the young woman touching the fruit to her face.,False
6,IESLM,MARYAM JOON,Why does the young woman touch the fruit to her face?,Q_noE,D,0.7160086918513991,0.0,"I chose this answer because it suggests a desire to feel beautiful, which could explain why the young woman touches the fruit to her face.",False
6,IESLM,MARYAM JOON,Why does the young woman touch the fruit to her face?,T,E,0.7641037590566105,0.7018134593963621,I chose this answer because the transcript does not provide enough information to determine the reason for the young woman touching the fruit to her face.,False
6,IESLM,MARYAM JOON,Why does the young woman touch the fruit to her face?,VT,D,0.9983496611669572,0.059993434697389006,The answer is D because the young woman touches the fruit to her face in a way that suggests she is trying to feel beautiful.,False
6,IESLM,MARYAM JOON,Why does the young woman touch the fruit to her face?,VTmis,D,0.9973407493300412,0.04730572178959801,The answer is D because the young woman touches the fruit to her face in a way that suggests she is trying to feel beautiful.,False
7,aWgG2,FATHER FIGURE,How does the woman feel when she looks at her son's new drawing?,Q,D,0.954002897560426,0.057481706142425,"I chose D because the question asks how the woman feels when she looks at her son's new drawing, and option D indicates she is joyful and approving.",False
7,aWgG2,FATHER FIGURE,How does the woman feel when she looks at her son's new drawing?,Q_noE,D,0.9143904359735088,0.0,I chose D because the question implies a positive emotional response from the woman when she looks at her son's new drawing.,False
7,aWgG2,FATHER FIGURE,How does the woman feel when she looks at her son's new drawing?,T,D,0.9159812370665901,0.386331409215927,I chose D because the woman's expression and body language suggest she is joyful and approving of her son's drawing.,False
7,aWgG2,FATHER FIGURE,How does the woman feel when she looks at her son's new drawing?,VT,D,0.8901567031906226,0.350610256195068,The answer is D because the woman's expression and the context suggest she is joyful and approving of her son's drawing.,False
7,aWgG2,FATHER FIGURE,How does the woman feel when she looks at her son's new drawing?,VTmis,E,0.4925484072043468,0.804842114448547,The answer is 'E' because the video transcript does not provide any information about the woman's feelings or reactions to the drawing.,False
8,xe0_s,DOESN'T FALL FAR,The two men share a look of _____ when the woman walks away from the table. ,Q,E,0.4849880275362045,0.628635823726654,I chose E because the given information does not provide enough context to determine the emotion they are sharing.,False
8,xe0_s,DOESN'T FALL FAR,The two men share a look of _____ when the woman walks away from the table. ,Q_noE,B,0.43409872450609144,0.0,"I chose B because the term ""look of confusion"" typically implies uncertainty or puzzlement, which fits the context of the woman walking away from the table.",False
8,xe0_s,DOESN'T FALL FAR,The two men share a look of _____ when the woman walks away from the table. ,T,E,0.479151518660011,0.59610491991043,The answer is E because the given information does not provide any details about the men's reactions to the woman walking away.,False
8,xe0_s,DOESN'T FALL FAR,The two men share a look of _____ when the woman walks away from the table. ,VT,E,0.6658872325973142,0.6722468733787531,The given information does not provide enough context to determine the nature of the look shared by the two men.,False
8,xe0_s,DOESN'T FALL FAR,The two men share a look of _____ when the woman walks away from the table. ,VTmis,E,0.5364805152523003,0.7553356289863581,The given information does not provide enough context to determine the nature of the look they share.,False
9,50aH_,ONE DAY NOTICE,Why is the man in grey quietly mouthing the words spoken by the woman in green behind him?,Q,E,0.4916237763463116,0.6603733897209161,I chose this answer because the given information does not provide enough context or details to determine the reason for the man in grey mouthing the words spoken by the woman in green.,False
9,50aH_,ONE DAY NOTICE,Why is the man in grey quietly mouthing the words spoken by the woman in green behind him?,Q_noE,A,0.6073578231983556,0.0,"I chose this answer because it suggests a scenario where the man in grey is quietly mouthing the words spoken by the woman in green as a form of silent protest against her predictable script, driven by his fear of her authority.",False
9,50aH_,ONE DAY NOTICE,Why is the man in grey quietly mouthing the words spoken by the woman in green behind him?,T,A,0.8387982723635896,0.259074360132217,"I chose this answer because it suggests that the man in grey is disapproving and annoyed by the woman's predictable script, and by mouthing her words, he silently protests against it.",False
9,50aH_,ONE DAY NOTICE,Why is the man in grey quietly mouthing the words spoken by the woman in green behind him?,VT,A,0.9367680924892219,0.035049360245466,"The man in grey is likely disapproving and annoyed by her predictable script. By mouthing her words, he silently protests, but his fear of her authority prevents him from overtly mocking her.",False
9,50aH_,ONE DAY NOTICE,Why is the man in grey quietly mouthing the words spoken by the woman in green behind him?,VTmis,A,0.9247486925579493,0.06278283894062,"The man in grey is likely disapproving and annoyed by her predictable script. By mouthing her words, he silently protests, but his fear of her authority prevents him from overtly mocking her.",False
10,lWof_,BURNT TOAST AND CIGARETTES,What tone is this conversation expected to take?,Q,E,0.8677360241212306,0.922950863838195,The answer is E because the given information does not provide any context or clues about the expected tone of the conversation.,False
10,lWof_,BURNT TOAST AND CIGARETTES,What tone is this conversation expected to take?,Q_noE,D,0.9535326885603647,0.0,I chose D because excitement is typically associated with positive and enthusiastic conversations.,False
10,lWof_,BURNT TOAST AND CIGARETTES,What tone is this conversation expected to take?,T,E,0.8843085450420098,0.8935046792030331,The tone of the conversation cannot be determined from the given information.,False
10,lWof_,BURNT TOAST AND CIGARETTES,What tone is this conversation expected to take?,VT,E,0.962221694080975,0.552676200866699,The transcript does not provide enough context to determine the tone of the conversation.,False
10,lWof_,BURNT TOAST AND CIGARETTES,What tone is this conversation expected to take?,VTmis,E,0.9871071783896557,0.6484022140502931,The transcript does not provide enough context to determine the tone of the conversation.,False
11,_paES,A SECRET JOURNEY,What is the lady trying to incite with her comment? ,Q,E,0.45478471204956866,0.613504827022552,I chose this answer because the given information does not provide enough context to determine the lady's intent with her comment.,False
11,_paES,A SECRET JOURNEY,What is the lady trying to incite with her comment? ,Q_noE,C,0.4733159997071031,0.0,"I chose this answer because it suggests that the lady is expressing fear about the potential harm the girl might cause, while also implying that the girl in orange would protect her.",False
11,_paES,A SECRET JOURNEY,What is the lady trying to incite with her comment? ,T,E,0.4430448272655745,0.826484680175781,The answer is E because the given information does not provide enough context to determine the lady's intent.,False
11,_paES,A SECRET JOURNEY,What is the lady trying to incite with her comment? ,VT,E,0.38253224289096904,0.7386681437492371,The given information does not provide enough context to determine the specific intent of the lady's comment.,False
11,_paES,A SECRET JOURNEY,What is the lady trying to incite with her comment? ,VTmis,E,0.4619154416146906,0.7507519125938411,The given information does not provide enough context to determine the specific intent of the lady's comment.,False
12,K45sv,REBEL,What does the little boy feel as he watches this situation?,Q,C,0.8864587988113194,0.20253573358058902,"I chose this answer because it reflects the boy's emotional response of feeling nervous and sad when he realizes the family is being trapped, which is a common reaction in such situations.",False
12,K45sv,REBEL,What does the little boy feel as he watches this situation?,Q_noE,C,0.9134943358193861,0.0,"I chose this answer because it reflects the boy's emotional response to witnessing the family being trapped, which would likely cause him to feel nervous and sad.",False
12,K45sv,REBEL,What does the little boy feel as he watches this situation?,T,C,0.9225151114751685,0.062640696763992,"I chose this answer because the transcript indicates that the little boy is watching the situation unfold, and his reaction is described as nervous and sad, which suggests he is bothered by the family being trapped.",False
12,K45sv,REBEL,What does the little boy feel as he watches this situation?,VT,C,0.9922276521228967,0.0031481015030290003,"The answer is C because the little boy feels nervous and sad when he realizes that the family is being trapped, and it really bothers him.",False
12,K45sv,REBEL,What does the little boy feel as he watches this situation?,VTmis,C,0.9760019758837334,0.019854104146361,"The answer is C because the transcript indicates that the little boy feels nervous and sad when he realizes that the family is being trapped, and it really bothers him.",False
13,Pz-VX,DOESN'T FALL FAR,How does the man with makeup on feel when he recognizes the man with glasses?,Q,E,0.733707494843525,0.719171404838562,I chose this answer because the given information does not provide any details about the man's emotional state or reaction upon recognizing the man with glasses.,False
13,Pz-VX,DOESN'T FALL FAR,How does the man with makeup on feel when he recognizes the man with glasses?,Q_noE,B,0.6893743821280134,0.0,"I chose this answer because the man with makeup on is confused because he thought he was someone else, indicating a mismatch in his expectations.",False
13,Pz-VX,DOESN'T FALL FAR,How does the man with makeup on feel when he recognizes the man with glasses?,T,C,0.9543606174796639,0.19439308345317802,The answer is C because the man with makeup on expresses surprise when he recognizes the man with glasses.,False
13,Pz-VX,DOESN'T FALL FAR,How does the man with makeup on feel when he recognizes the man with glasses?,VT,C,0.9609341151933999,0.176557183265686,The man with makeup on is surprised when he recognizes the man with glasses.,False
13,Pz-VX,DOESN'T FALL FAR,How does the man with makeup on feel when he recognizes the man with glasses?,VTmis,C,0.9431228614770383,0.45423877239227206,The man with makeup on feels surprised when he recognizes the man with glasses.,False
14,S4EyI,MY BROTHER IS A MERMAID,Why did the woman react the way she did and ask if the boy in glittery pants if he was being serious upon seeing his outfit?,Q,D,0.9870225550337219,0.052746847271919,"I chose this answer because it best reflects the woman's reaction of disbelief, disapproval, and surprise at the boy's choice of clothing, particularly his failure to recognize the social norms and expectations for attire in a school setting.",False
14,S4EyI,MY BROTHER IS A MERMAID,Why did the woman react the way she did and ask if the boy in glittery pants if he was being serious upon seeing his outfit?,Q_noE,D,0.9680169900702591,0.0,"I chose this answer because it best reflects the woman's reaction of disbelief, disapproval, and surprise at the boy's choice of clothing, particularly his failure to recognize the social norms and expectations for attire in a school setting.",False
14,S4EyI,MY BROTHER IS A MERMAID,Why did the woman react the way she did and ask if the boy in glittery pants if he was being serious upon seeing his outfit?,T,D,0.9959756376646884,0.010943210683763001,"I chose this answer because it best reflects the woman's reaction of disbelief, disapproval, and surprise at the boy's choice of clothing, particularly his failure to recognize the social norms and expectations for attire in a school setting.",False
14,S4EyI,MY BROTHER IS A MERMAID,Why did the woman react the way she did and ask if the boy in glittery pants if he was being serious upon seeing his outfit?,VT,D,0.9890945121797455,0.009603616781532001,"The answer is D because the woman's reaction indicates that she is expressing disbelief, disapproval, and surprise at the boy's choice of clothing, especially his apparent failure to recognize what seemed obvious to her regarding the social norms and expectations for attire in a school setting.",False
14,S4EyI,MY BROTHER IS A MERMAID,Why did the woman react the way she did and ask if the boy in glittery pants if he was being serious upon seeing his outfit?,VTmis,D,0.9970941171644444,0.0066735320724540005,"The answer is D because the woman's reaction indicates that she is surprised and disapproving of the boy's choice of clothing, particularly his glittery pants, which she believes is inappropriate for school.",False
15,Nn0Hz,THE BACKSEAT,What does the younger woman feel after commenting on the smell?,Q,E,0.9133273248133414,0.7831874489784241,I chose E because the given information does not provide enough context to determine the younger woman's feelings after commenting on the smell.,False
15,Nn0Hz,THE BACKSEAT,What does the younger woman feel after commenting on the smell?,Q_noE,D,0.8813698315466046,0.0,"I chose D because remorse is the feeling of regret or sorrow for something one has done or failed to do, which aligns with the context of the younger woman feeling sorry for her comment.",False
15,Nn0Hz,THE BACKSEAT,What does the younger woman feel after commenting on the smell?,T,A,0.9892845937426121,0.029007248580455003,The younger woman feels annoyance because she finds the smell of perfume aggravating.,False
15,Nn0Hz,THE BACKSEAT,What does the younger woman feel after commenting on the smell?,VT,A,0.7299957543941171,0.11257380247116001,The younger woman feels annoyance because she is irritated by the smell of perfume.,False
15,Nn0Hz,THE BACKSEAT,What does the younger woman feel after commenting on the smell?,VTmis,A,0.9303427451364086,0.10000202059745701,The younger woman feels annoyance because she is frustrated with the older woman's behavior.,False
16,5Ednd,THE FORFEIT,How is the man feeling as he knocks on the front door?,Q,E,0.9413205173925839,0.9604382514953611,I chose this answer because the given information does not provide any context or details about the man's emotional state.,False
16,5Ednd,THE FORFEIT,How is the man feeling as he knocks on the front door?,Q_noE,D,0.9583732340464837,0.0,"I chose D because the man is likely feeling nervous as he knocks on the front door, which is a common emotional response in such a situation.",False
16,5Ednd,THE FORFEIT,How is the man feeling as he knocks on the front door?,T,E,0.8415201321784644,0.9609265327453611,The answer is E because the given information does not provide any details about the man's emotional state as he knocks on the front door.,False
16,5Ednd,THE FORFEIT,How is the man feeling as he knocks on the front door?,VT,E,0.59438112344873,0.976563930511474,The given information does not provide any context about the man's feelings.,False
16,5Ednd,THE FORFEIT,How is the man feeling as he knocks on the front door?,VTmis,E,0.733307148650147,0.9928948283195491,"The given information does not provide any context about the man's feelings or actions, so it is impossible to determine his emotional state.",False
17,575hd,LITTLE GREY BUBBLES,"What is the man feeling after the protagonist says that she was ""one of his best friends""",Q,B,0.6767139483316508,0.373903512954711,"I chose this answer because it aligns with the typical emotional response of someone who feels that their romantic interest only views them as a friend, which can lead to feelings of anger and disappointment.",False
17,575hd,LITTLE GREY BUBBLES,"What is the man feeling after the protagonist says that she was ""one of his best friends""",Q_noE,B,0.5765268485801266,0.0,"I chose this answer because it reflects the protagonist's disappointment and anger at the revelation that the woman only sees him as a friend, which was not his understanding of their relationship.",False
17,575hd,LITTLE GREY BUBBLES,"What is the man feeling after the protagonist says that she was ""one of his best friends""",T,E,0.9511480355922222,0.6681687831878661,The answer is E because the given information does not provide enough context to determine the man's feelings.,False
17,575hd,LITTLE GREY BUBBLES,"What is the man feeling after the protagonist says that she was ""one of his best friends""",VT,E,0.8242956407557733,0.9550741314888,The given information does not provide enough context to determine the man's feelings.,False
17,575hd,LITTLE GREY BUBBLES,"What is the man feeling after the protagonist says that she was ""one of his best friends""",VTmis,E,0.6255107125058457,0.941630125045776,The given information does not provide enough context to determine the man's feelings.,False
18,l91Zi,PULL,How does the girl feel when she locks eyes with the man,Q,A,0.9835955666525438,0.403346538543701,"I chose this answer because the question implies a positive emotional response, which aligns with feeling desired and attractive.",False
18,l91Zi,PULL,How does the girl feel when she locks eyes with the man,Q_noE,A,0.981887508729062,0.0,I chose this answer because it aligns with the common interpretation that locking eyes with someone often indicates attraction or desire.,False
18,l91Zi,PULL,How does the girl feel when she locks eyes with the man,T,E,0.7254180288139327,0.8067443370819091,The answer is E because the given information does not provide any context or details about the girl's feelings when she locks eyes with the man.,False
18,l91Zi,PULL,How does the girl feel when she locks eyes with the man,VT,A,0.9633352589893679,0.312737137079238,The girl feels desired and attractive because she locks eyes with the man.,False
18,l91Zi,PULL,How does the girl feel when she locks eyes with the man,VTmis,E,0.8371224687551583,0.579863965511322,The given information does not provide enough context to determine the girl's feelings when she locks eyes with the man.,False
19,nDSVR,A SECRET JOURNEY,How is the protagonist feeling in this moment?,Q,B,0.8007618135013685,0.444679468870162,I chose this answer because it reflects the protagonist's dissatisfaction and anxiety about her situation at the house.,False
19,nDSVR,A SECRET JOURNEY,How is the protagonist feeling in this moment?,Q_noE,B,0.6726592333464168,0.0,I chose this answer because it reflects the protagonist's dissatisfaction and anxiety about her current situation at the house.,False
19,nDSVR,A SECRET JOURNEY,How is the protagonist feeling in this moment?,T,B,0.957272519195532,0.215232759714126,"The protagonist is feeling anxious about her situation at the house, as indicated by the statement about the vomiting, shitting blood, and crying being too much.",False
19,nDSVR,A SECRET JOURNEY,How is the protagonist feeling in this moment?,VT,B,0.9679761592083954,0.082598946988582,"The protagonist is feeling anxious about her situation at the house, as indicated by her request for her own room and the mention of vomiting, shitting blood, and crying.",False
19,nDSVR,A SECRET JOURNEY,How is the protagonist feeling in this moment?,VTmis,B,0.9619496208036135,0.261382907629013,The protagonist is not satisfied and is feeling anxious about her situation at the house.,False
20,q9D7b,MARTHA THE MONSTER,"What is ironic about the song lyrics being ""Happy, happy, happy""? ",Q,C,0.9787353347301286,0.015573414973914,I chose C because the irony lies in the contrast between the monster's actual emotional state and the happy lyrics of the song.,False
20,q9D7b,MARTHA THE MONSTER,"What is ironic about the song lyrics being ""Happy, happy, happy""? ",Q_noE,C,0.9804317689578187,0.0,"I chose this answer because it highlights the irony that the monster, despite the song lyrics being ""Happy, happy, happy,"" is actually very sad.",False
20,q9D7b,MARTHA THE MONSTER,"What is ironic about the song lyrics being ""Happy, happy, happy""? ",T,C,0.9623792761268095,0.06517115235328601,"I chose this answer because the ironic aspect of the song lyrics being ""Happy, happy, happy"" is that the monster is actually very sad, which contrasts with the upbeat and joyful lyrics.",False
20,q9D7b,MARTHA THE MONSTER,"What is ironic about the song lyrics being ""Happy, happy, happy""? ",VT,C,0.9983751707740625,0.004063551779836,The monster is actually very sad.,False
20,q9D7b,MARTHA THE MONSTER,"What is ironic about the song lyrics being ""Happy, happy, happy""? ",VTmis,C,0.9862458551647386,0.007473800797015001,The monster is actually very sad.,False
21,4miKG,METROLAND,"How does the woman feel after telling the man to ""Act calm""?",Q,E,0.7006839323868137,0.8204356431961061,"The answer is E because the given information does not provide any details about the woman's emotional state after telling the man to ""Act calm.""",False
21,4miKG,METROLAND,"How does the woman feel after telling the man to ""Act calm""?",Q_noE,C,0.7738170037642108,0.0,"I chose this answer because the woman's action of telling the man to ""Act calm"" suggests she might be nervous about the situation.",False
21,4miKG,METROLAND,"How does the woman feel after telling the man to ""Act calm""?",T,E,0.9731818721838873,0.7725586295127861,"The answer is E because the transcript does not provide enough information to determine the woman's emotional state after telling the man to ""Act calm.""",False
21,4miKG,METROLAND,"How does the woman feel after telling the man to ""Act calm""?",VT,E,0.9864368620116779,0.6761959195137021,The answer is 'E' because the transcript does not provide enough information to determine the woman's emotional state.,False
21,4miKG,METROLAND,"How does the woman feel after telling the man to ""Act calm""?",VTmis,E,0.9955443325168928,0.62140929698944,The answer is 'E' because the given information does not provide enough context to determine the woman's emotional state.,False
22,UoFUT,SOMETHING LIKE LONELINESS,What is the woman's emotional progression during the conversation?,Q,D,0.5960082434399118,0.26551452279090804,I chose D because the woman's emotional progression from annoyance to embarrassment and then to confusion is clearly indicated in the conversation.,False
22,UoFUT,SOMETHING LIKE LONELINESS,What is the woman's emotional progression during the conversation?,Q_noE,D,0.6137338673811856,0.0,I chose this answer because the woman's emotional progression from annoyance to embarrassment and then to confusion aligns with the sequence of emotions described in the conversation.,False
22,UoFUT,SOMETHING LIKE LONELINESS,What is the woman's emotional progression during the conversation?,T,B,0.8655150616915028,0.19870141148567202,"I chose this answer because the woman's emotional progression is neutral initially, then she becomes embarrassed, and finally, she feels nervous.",False
22,UoFUT,SOMETHING LIKE LONELINESS,What is the woman's emotional progression during the conversation?,VT,B,0.7038739103096765,0.069064050912857,"The woman's emotional progression is neutral at the beginning, then she becomes embarrassed, and finally, she appears nervous.",False
22,UoFUT,SOMETHING LIKE LONELINESS,What is the woman's emotional progression during the conversation?,VTmis,B,0.7446050380227689,0.05117849260568601,"The woman's emotional progression is neutral at the beginning, then she becomes embarrassed, and finally, she appears nervous.",False
23,8Orja,ALEX,What does the woman wit black hair feel as her friend talks to her?,Q,E,0.5475124680444768,0.9166464209556581,I chose this answer because the given information does not provide enough context to determine the woman's feelings.,False
23,8Orja,ALEX,What does the woman wit black hair feel as her friend talks to her?,Q_noE,D,0.49607636230984936,0.0,I chose this answer because the question implies that the woman feels annoyed by the situations her friend keeps getting herself into.,False
23,8Orja,ALEX,What does the woman wit black hair feel as her friend talks to her?,T,E,0.7720326248260713,0.529035151004791,The answer is E because the transcript does not provide enough information to determine the woman's feelings towards her friend's situations.,False
23,8Orja,ALEX,What does the woman wit black hair feel as her friend talks to her?,VT,E,0.46382608528311403,0.9571705460548401,The given information does not provide enough context to determine the woman's feelings.,False
23,8Orja,ALEX,What does the woman wit black hair feel as her friend talks to her?,VTmis,E,0.2966017328432096,0.9716572761535641,The given information does not provide enough context to determine the woman's feelings.,False
24,_o6Jw,NOISE,How does the woman feel as the man points to her photographic bed?,Q,E,0.5862623335340694,0.9762470722198481,I chose this answer because the given information does not provide any details about the woman's emotional state or her reaction to the man pointing to her photographic bed.,False
24,_o6Jw,NOISE,How does the woman feel as the man points to her photographic bed?,Q_noE,A,0.5201086251530742,0.0,"I chose this answer because it aligns with the context provided in the question, indicating that the woman is disappointed with the photo taken of her.",False
24,_o6Jw,NOISE,How does the woman feel as the man points to her photographic bed?,T,E,0.7077591048443509,0.974774479866027,The answer is E because the transcript does not provide any information about the woman's feelings or actions in response to the man pointing to her photographic bed.,False
24,_o6Jw,NOISE,How does the woman feel as the man points to her photographic bed?,VT,E,0.8628883832696158,0.89114886522293,"The answer is 'E' because the provided transcript does not contain any dialogue, making it impossible to determine the woman's feelings based on the given information.",False
24,_o6Jw,NOISE,How does the woman feel as the man points to her photographic bed?,VTmis,E,0.5872666349914498,0.901829779148101,The given information does not provide any context or dialogue to determine the woman's feelings.,False
25,CfmL_,THE OTHER MORGAN,Why does the blonde woman look up the brown-haired woman on social media?,Q,B,0.9784826727212689,0.19833201169967601,"I chose this answer because it aligns with the context of feeling insecure and comparing oneself to another, which is a common reason for looking up someone on social media.",False
25,CfmL_,THE OTHER MORGAN,Why does the blonde woman look up the brown-haired woman on social media?,Q_noE,B,0.9614836252905645,0.0,I chose this answer because it reflects the woman's curiosity and insecurity about being compared to the brown-haired woman on social media.,False
25,CfmL_,THE OTHER MORGAN,Why does the blonde woman look up the brown-haired woman on social media?,T,B,0.8757090451266709,0.118394613265991,The answer is B because the blonde woman looks up the brown-haired woman on social media out of curiosity and insecurity about being compared to her.,False
25,CfmL_,THE OTHER MORGAN,Why does the blonde woman look up the brown-haired woman on social media?,VT,B,0.7026701573974472,0.038130376487970005,The blonde woman looks up the brown-haired woman on social media because she is curious about her life and feels insecure being compared to her.,False
25,CfmL_,THE OTHER MORGAN,Why does the blonde woman look up the brown-haired woman on social media?,VTmis,B,0.9102228304698026,0.05498886853456401,The answer is B because the blonde woman looks up the brown-haired woman on social media out of curiosity and insecurity about being compared to her.,False
26,-raYG,LOVE IS A HAND GRENADE,Why does the woman with the short hair cover herself up?,Q,E,0.6105142244750649,0.732343733310699,I chose this answer because the given information does not provide enough context to determine the reason why the woman with short hair covers herself up.,False
26,-raYG,LOVE IS A HAND GRENADE,Why does the woman with the short hair cover herself up?,Q_noE,C,0.6633515496849879,0.0,"I chose this answer because it suggests a sense of guilt and shame, which could be a reason for someone to cover themselves up.",False
26,-raYG,LOVE IS A HAND GRENADE,Why does the woman with the short hair cover herself up?,T,E,0.5673063214848278,0.7655126452445981,The answer is E because the given information does not provide enough context to determine the reason why the woman with the short hair covers herself up.,False
26,-raYG,LOVE IS A HAND GRENADE,Why does the woman with the short hair cover herself up?,VT,E,0.3320117401482343,0.883130550384521,The given information does not provide enough context to determine the reason why the woman with the short hair covers herself up.,False
26,-raYG,LOVE IS A HAND GRENADE,Why does the woman with the short hair cover herself up?,VTmis,E,0.44513233995898394,0.8994036912918091,The given information does not provide enough context to determine the reason why the woman covers herself up.,False
27,0f5zd,HEAD ABOVE WATER,What does the man feel as the woman touches his face?,Q,E,0.6970518939315035,0.47230452299118003,The answer is E because the given information does not provide enough context to determine the man's feelings.,False
27,0f5zd,HEAD ABOVE WATER,What does the man feel as the woman touches his face?,Q_noE,C,0.6942453332674113,0.0,I chose this answer because it reflects the man's feelings of remorse and care for the woman as she touches his face.,False
27,0f5zd,HEAD ABOVE WATER,What does the man feel as the woman touches his face?,T,E,0.8647190801076183,0.526138484477996,The answer is E because the given information does not provide any details about the man's feelings when the woman touches his face.,False
27,0f5zd,HEAD ABOVE WATER,What does the man feel as the woman touches his face?,VT,C,0.6715391763934144,0.289424061775207,The answer is C because the man feels remorse and care for the woman as he touches her face.,False
27,0f5zd,HEAD ABOVE WATER,What does the man feel as the woman touches his face?,VTmis,C,0.6740790624925544,0.16186617314815502,The man feels remorse and care for the woman because he is experiencing grief and remorse.,False
28,8ohzv,A KING'S BETRAYAL,How does the narrator feel when the kids come in and take the candy?,Q,B,0.6740339275631928,0.179538860917091,I chose B because the narrator's feelings of anger and helplessness are directly expressed when the kids take the candy.,False
28,8ohzv,A KING'S BETRAYAL,How does the narrator feel when the kids come in and take the candy?,Q_noE,B,0.6464209785389909,0.0,"I chose B because the narrator likely feels a strong sense of anger and helplessness when the kids take the candy, which aligns with the emotional response to being overwhelmed and unable to prevent the theft.",False
28,8ohzv,A KING'S BETRAYAL,How does the narrator feel when the kids come in and take the candy?,T,E,0.5912433073322255,0.46243897080421403,The answer is E because the transcript does not provide any information about the narrator's feelings when the kids come in and take the candy.,False
28,8ohzv,A KING'S BETRAYAL,How does the narrator feel when the kids come in and take the candy?,VT,E,0.8015997124853498,0.8394112586975091,The given information does not provide any context about the narrator's feelings.,False
28,8ohzv,A KING'S BETRAYAL,How does the narrator feel when the kids come in and take the candy?,VTmis,E,0.5896479230039314,0.46176734566688504,The given information does not provide enough context to determine the narrator's feelings.,False
29,KMFQY,A SECRET JOURNEY,Why does the girl on the bed avoid eye contact with the girl in orange?,Q,D,0.5509810793105728,0.300261080265045,"I chose this answer because it suggests that the girl on the bed feels embarrassed about overhearing a conversation on the phone, which is a plausible reason for avoiding eye contact.",False
29,KMFQY,A SECRET JOURNEY,Why does the girl on the bed avoid eye contact with the girl in orange?,Q_noE,C,0.6594617010571269,0.0,"I chose this answer because it suggests that the girl on the bed avoids eye contact to prevent the girl in orange from trying to console her, which aligns with the context of the question.",False
29,KMFQY,A SECRET JOURNEY,Why does the girl on the bed avoid eye contact with the girl in orange?,T,D,0.7482613583100437,0.36818689107894903,"I chose this answer because the girl on the bed avoids eye contact with the girl in orange, which suggests she feels embarrassed about overhearing their conversation on the phone.",False
29,KMFQY,A SECRET JOURNEY,Why does the girl on the bed avoid eye contact with the girl in orange?,VT,E,0.48490665703181585,0.35461854934692305,The given information does not provide enough context to determine the reason for the girl on the bed avoiding eye contact with the girl in orange.,False
29,KMFQY,A SECRET JOURNEY,Why does the girl on the bed avoid eye contact with the girl in orange?,VTmis,D,0.9145990267462656,0.152610763907432,The girl on the bed avoids eye contact with the girl in orange because she feels embarrassed that she heard their conversation on the phone.,False
30,NEeui,THE GUARD,What is the man feeling in this moment?,Q,E,0.7502761190607292,0.847184360027313,I chose E because the given information does not provide enough context to determine the man's emotional state.,False
30,NEeui,THE GUARD,What is the man feeling in this moment?,Q_noE,A,0.45072237958303185,0.0,I chose this answer because the man's expression and body language suggest a neutral emotion.,False
30,NEeui,THE GUARD,What is the man feeling in this moment?,T,E,0.9877371779842941,0.9316720366477961,The answer is E because the given information does not provide any context or emotion that would allow us to determine the man's feelings.,False
30,NEeui,THE GUARD,What is the man feeling in this moment?,VT,E,0.9822425812900176,0.945683598518371,"The given information does not provide any context about the man's emotions, so it is impossible to determine his feelings.",False
30,NEeui,THE GUARD,What is the man feeling in this moment?,VTmis,E,0.9670660306292765,0.9379938840866081,"The given information does not provide any context about the man's emotions, so it is impossible to determine his feelings.",False
31,R4Xhe,WHERE HAVE YOU BEEN,Why does the woman apologize to the man?,Q,D,0.9618416257815452,0.21603812277317003,"I chose this answer because the woman apologizes for bringing up a sensitive subject unexpectedly, which implies she feels guilty about it.",False
31,R4Xhe,WHERE HAVE YOU BEEN,Why does the woman apologize to the man?,Q_noE,D,0.9122856140397513,0.0,I chose this answer because it aligns with the context of the conversation where the woman mentions feeling guilty about bringing up a sensitive topic unexpectedly.,False
31,R4Xhe,WHERE HAVE YOU BEEN,Why does the woman apologize to the man?,T,D,0.7684208134025762,0.34560427069664,"I chose this answer because the woman's apology seems to be related to a sensitive subject that she brought up unexpectedly, which could be considered a faux pas.",False
31,R4Xhe,WHERE HAVE YOU BEEN,Why does the woman apologize to the man?,VT,D,0.8053705357026363,0.4460971057415,The woman apologizes because she feels guilty for bringing up a sensitive topic that might have caused discomfort.,False
31,R4Xhe,WHERE HAVE YOU BEEN,Why does the woman apologize to the man?,VTmis,E,0.5143743307074734,0.7474760413169861,The answer is 'E' because the provided transcript does not contain any dialogue or context that would allow us to determine the reason for the woman's apology.,False
32,yb9FY,NOISE,How does each member of the couple feel as they walk together?,Q,E,0.5053245137439374,0.9690050482749931,I chose this answer because the given information does not provide any details about the emotions of the couple as they walk together.,False
32,yb9FY,NOISE,How does each member of the couple feel as they walk together?,Q_noE,C,0.48737124137762317,0.0,"I chose this answer because it indicates that the woman appears nervous and the man feels amused, which suggests a dynamic where the man is reacting to the woman's nervousness.",False
32,yb9FY,NOISE,How does each member of the couple feel as they walk together?,T,E,0.5249467535283844,0.966285765171051,"I chose this answer because the transcript indicates there is no dialogue, so the emotions of the couple cannot be determined from the given information.",False
32,yb9FY,NOISE,How does each member of the couple feel as they walk together?,VT,E,0.858521506234785,0.586000680923461,The answer is 'E' because the video transcript does not provide any dialogue or information about the couple's feelings.,False
32,yb9FY,NOISE,How does each member of the couple feel as they walk together?,VTmis,E,0.6061547625297796,0.9525461196899411,The answer is 'E' because the given information does not provide any details about the emotions of the couple.,False
33,JQ7mA,A GIRL AND HER GUN,How does the girl feel after tasting the ice cream?,Q,E,0.9177754479466065,0.6876590251922601,I chose this answer because the given information does not provide any details about the girl's reaction to the ice cream.,False
33,JQ7mA,A GIRL AND HER GUN,How does the girl feel after tasting the ice cream?,Q_noE,B,0.932786895291974,0.0,"I chose this answer because it directly addresses the girl's reaction to tasting the ice cream, indicating that she is disgusted by its taste due to it being expired.",False
33,JQ7mA,A GIRL AND HER GUN,How does the girl feel after tasting the ice cream?,T,E,0.9502624626815223,0.667962253093719,The answer is E because the transcript does not provide any information about the girl's reaction to the ice cream.,False
33,JQ7mA,A GIRL AND HER GUN,How does the girl feel after tasting the ice cream?,VT,B,0.7764830060117909,0.43709006905555703,"The answer is B because the girl's reaction to the ice cream indicates she is disgusted by its taste, which is clearly expired.",False
33,JQ7mA,A GIRL AND HER GUN,How does the girl feel after tasting the ice cream?,VTmis,E,0.830485355767906,0.788224339485168,The given information does not provide any context about the girl's feelings or the situation with the ice cream.,False
34,fRk3m,A NEW MAN,What does the man feel when he sees the chair?,Q,E,0.616739929335811,0.709239244461059,I chose this answer because the given information does not provide any details about the man's feelings when he sees the chair.,False
34,fRk3m,A NEW MAN,What does the man feel when he sees the chair?,Q_noE,B,0.5723103370116712,0.0,"I chose B because it reflects the man's realization of his own loneliness and the sadness that comes with it, contrasting with the busy social life of others.",False
34,fRk3m,A NEW MAN,What does the man feel when he sees the chair?,T,E,0.3985699001100317,0.6693236827850341,The answer is E because the given information does not provide any details about the man's feelings when he sees the chair.,False
34,fRk3m,A NEW MAN,What does the man feel when he sees the chair?,VT,B,0.9833137712294008,0.40327757596969604,"The man feels a sense of realization and sadness when he sees the empty chair, indicating a longing for companionship.",False
34,fRk3m,A NEW MAN,What does the man feel when he sees the chair?,VTmis,E,0.8799566549077869,0.59197050333023,The given information does not provide any context about the man's feelings towards the chair.,False
35,tWgjm,GET READY WITH ME,"Why is the man in olive green seated in front of the desktop moving his cursor between video thumbnails without clicking any of them?
",Q,E,0.5641003325664027,0.8252712488174431,I chose this answer because the given information does not provide enough context or details to determine the reason for the man's behavior.,False
35,tWgjm,GET READY WITH ME,"Why is the man in olive green seated in front of the desktop moving his cursor between video thumbnails without clicking any of them?
",Q_noE,D,0.5497290317986294,0.0,"I chose this answer because it provides a plausible reason for the man's behavior, suggesting he is concerned about his student and wants to be available for her.",False
35,tWgjm,GET READY WITH ME,"Why is the man in olive green seated in front of the desktop moving his cursor between video thumbnails without clicking any of them?
",T,A,0.9609991191146207,0.05142766609787901,"I chose this answer because it best reflects the man's emotional state and indecision, which is a common response to feeling overwhelmed or unsettled.",False
35,tWgjm,GET READY WITH ME,"Why is the man in olive green seated in front of the desktop moving his cursor between video thumbnails without clicking any of them?
",VT,A,0.974031434668909,0.013703418895602,"The answer is A because it best explains the man's indecisiveness in choosing a video, reflecting his inner turmoil after a difficult day.",False
35,tWgjm,GET READY WITH ME,"Why is the man in olive green seated in front of the desktop moving his cursor between video thumbnails without clicking any of them?
",VTmis,A,0.9817223964356078,0.013810127973556002,The answer is A because it best explains the man's indecision and emotional state as he struggles to find comfort through the videos.,False
36,x40a1,MAN TO MAN,Why does the older man shake his head when his son says he wants to pursue a career in writing?,Q,E,0.8985272099906368,0.5356895923614501,I chose this answer because the given information does not provide enough context to determine the reason for the older man's head shake.,False
36,x40a1,MAN TO MAN,Why does the older man shake his head when his son says he wants to pursue a career in writing?,Q_noE,B,0.9415507224516189,0.0,I chose this answer because it suggests that the older man disapproves of his son's career choice in writing.,False
36,x40a1,MAN TO MAN,Why does the older man shake his head when his son says he wants to pursue a career in writing?,T,E,0.6870189258092418,0.7057033181190491,The answer is E because the transcript does not provide enough information to determine the reason for the older man's head shake.,False
36,x40a1,MAN TO MAN,Why does the older man shake his head when his son says he wants to pursue a career in writing?,VT,B,0.7839055242619423,0.223833128809928,The older man shakes his head because he disapproves of the younger man's career choice to pursue writing.,False
36,x40a1,MAN TO MAN,Why does the older man shake his head when his son says he wants to pursue a career in writing?,VTmis,B,0.9307826605485147,0.420254319906234,The older man shakes his head because he disapproves of the younger man's career choice to pursue writing.,False
37,X9PLJ,CORNFLOWER ft. Jeremy Allen White,Why is the man avoiding answering the girl's question about why they have to go live with his mom?,Q,B,0.966662718166836,0.369606435298919,"I chose B because it suggests the man is avoiding the question to prevent the girl from feeling sad, which aligns with the context of the situation.",False
37,X9PLJ,CORNFLOWER ft. Jeremy Allen White,Why is the man avoiding answering the girl's question about why they have to go live with his mom?,Q_noE,B,0.9664489249977769,0.0,I chose this answer because it suggests the man is avoiding the question out of concern for the girl's emotional well-being.,False
37,X9PLJ,CORNFLOWER ft. Jeremy Allen White,Why is the man avoiding answering the girl's question about why they have to go live with his mom?,T,B,0.8778746695963747,0.293125629425048,I chose this answer because the man's response implies that he is trying to avoid making the girl sad by not directly answering her question about why they have to go live with his mom.,False
37,X9PLJ,CORNFLOWER ft. Jeremy Allen White,Why is the man avoiding answering the girl's question about why they have to go live with his mom?,VT,B,0.9041513460578783,0.043075978755950005,The man avoids answering the girl's question because he does not want to make her sad by telling her the truth.,False
37,X9PLJ,CORNFLOWER ft. Jeremy Allen White,Why is the man avoiding answering the girl's question about why they have to go live with his mom?,VTmis,B,0.8509447945019873,0.177058041095733,The man avoids answering the girl's question because he does not want to make her sad by telling her the truth.,False
38,4P1l-,LAST DROP,What are the emotions of the man in blue and the man in red?,Q,E,0.8318470198613246,0.766900837421417,I chose this answer because the given information does not provide any details about the emotions of the man in blue or the man in red.,False
38,4P1l-,LAST DROP,What are the emotions of the man in blue and the man in red?,Q_noE,A,0.6327066044386273,0.0,"I chose this answer because it aligns with the typical emotional responses to frustration and sadness, which are often associated with the color blue, and happiness, which is often associated with the color red.",False
38,4P1l-,LAST DROP,What are the emotions of the man in blue and the man in red?,T,E,0.463235774943243,0.40262985229492104,The answer is E because the given information does not provide any details about the emotions of the man in blue and the man in red.,False
38,4P1l-,LAST DROP,What are the emotions of the man in blue and the man in red?,VT,C,0.982453414716244,0.08373088389635,"The man in blue is happy and excited, while the man in red is annoyed.",False
38,4P1l-,LAST DROP,What are the emotions of the man in blue and the man in red?,VTmis,E,0.5242370478064238,0.891309678554534,The given information does not provide enough context to determine the emotions of the man in blue and the man in red.,False
39,jp69y,PEOPLE IN CARS,What is the emotional progression of the man on the left as the man on the right describes what happened?,Q,E,0.897011884419038,0.709161221981048,I chose this answer because the given information does not provide any details about the emotional progression of the man on the left.,False
39,jp69y,PEOPLE IN CARS,What is the emotional progression of the man on the left as the man on the right describes what happened?,Q_noE,A,0.8857671781355342,0.0,I chose this answer because the man on the left likely starts with confusion about the situation and then comes to a realization as the man on the right explains what happened.,False
39,jp69y,PEOPLE IN CARS,What is the emotional progression of the man on the left as the man on the right describes what happened?,T,E,0.9544211587732528,0.640687525272369,The answer is E because the transcript does not provide enough information to determine the emotional progression of the man on the left.,False
39,jp69y,PEOPLE IN CARS,What is the emotional progression of the man on the left as the man on the right describes what happened?,VT,A,0.8812109052447552,0.14786335825920102,"The man on the left seems confused at first, and then he realizes the gravity of the situation when the man on the right explains that he has been waiting for an hour and cannot reach her.",False
39,jp69y,PEOPLE IN CARS,What is the emotional progression of the man on the left as the man on the right describes what happened?,VTmis,E,0.9738267781101146,0.6162066459655761,The given information does not provide enough context to determine the man's emotional progression.,False
40,OZlK4,COOL FOR FIVE SECONDS,Why is the brown-haired woman grateful for making her say fuck so many times?,Q,E,0.4488524309849358,0.8098350763320921,I chose this answer because the given information does not provide enough context to determine the true reason for the brown-haired woman's gratitude.,False
40,OZlK4,COOL FOR FIVE SECONDS,Why is the brown-haired woman grateful for making her say fuck so many times?,Q_noE,C,0.5318796619813534,0.0,"I chose this answer because it suggests that the brown-haired woman is sarcastic and not genuinely grateful, but rather angry at the black-haired woman.",False
40,OZlK4,COOL FOR FIVE SECONDS,Why is the brown-haired woman grateful for making her say fuck so many times?,T,E,0.7829422276021794,0.563481450080871,The answer is E because the transcript does not provide enough context to determine the true meaning behind the brown-haired woman's statement.,False
40,OZlK4,COOL FOR FIVE SECONDS,Why is the brown-haired woman grateful for making her say fuck so many times?,VT,E,0.6367345585800389,0.740505516529083,The given information does not provide enough context to determine the reason for the brown-haired woman's gratitude.,False
40,OZlK4,COOL FOR FIVE SECONDS,Why is the brown-haired woman grateful for making her say fuck so many times?,VTmis,E,0.42094313628761915,0.5950164198875421,The given information does not provide enough context to determine the reason for the brown-haired woman's gratitude.,False
41,7n_W8,THE ARK,What is the woman feeling in this situation?,Q,D,0.9896825857532702,0.13177314400672901,I chose D because the woman is feeling regret towards her actions and is paranoid of the consequences of them.,False
41,7n_W8,THE ARK,What is the woman feeling in this situation?,Q_noE,D,0.9599997046589791,0.0,I chose this answer because it reflects the woman's emotional state of regret and paranoia regarding the consequences of her actions.,False
41,7n_W8,THE ARK,What is the woman feeling in this situation?,T,D,0.9746237590479095,0.34283092617988503,"I chose D because the woman expresses feelings of being played and exploited, indicating a sense of regret and paranoia about the consequences of her actions.",False
41,7n_W8,THE ARK,What is the woman feeling in this situation?,VT,D,0.9339534270936083,0.390948086977005,"The woman feels guilty for manipulating the man, which is why she is feeling scared as she fears for her safety.",False
41,7n_W8,THE ARK,What is the woman feeling in this situation?,VTmis,E,0.5997368911625769,0.7288381457328791,The given information does not provide enough context to determine the woman's feelings.,False
42,d6r05,SAN MIGUEL,Why did the girl break the statue of the saint?,Q,E,0.39564235187284846,0.8281760811805721,I chose this answer because the given information does not provide any context or details about why the girl broke the statue of the saint.,False
42,d6r05,SAN MIGUEL,Why did the girl break the statue of the saint?,Q_noE,C,0.43940420301988015,0.0,"I chose this answer because it suggests a supernatural or superstitious belief that the statue might be causing harm to the girl's mother, leading her to break it in an attempt to resolve the issue.",False
42,d6r05,SAN MIGUEL,Why did the girl break the statue of the saint?,T,E,0.4603154949925071,0.524768888950347,The answer is E because the provided transcript does not contain any information about the girl breaking a statue of a saint.,False
42,d6r05,SAN MIGUEL,Why did the girl break the statue of the saint?,VT,D,0.7187312004279706,0.189192160964012,"The answer is D because the girl broke the statue of the saint while praying for help for her mother, indicating her frustration and desire for the saint to assist her mother.",False
42,d6r05,SAN MIGUEL,Why did the girl break the statue of the saint?,VTmis,E,0.4656430074767109,0.40387713909149103,"The answer is 'E' because the provided transcript does not contain any information about a girl breaking a statue of a saint, making it impossible to determine the reason for the action based on the given information.",False
43,42_KK,LOST BOY,What does the man with the beard feel when he sees the other man's hand? ,Q,E,0.50016371298432,0.8259483575820921,The answer is E because the given information does not provide any context or details about the man's emotional state or reaction to seeing the other man's hand.,False
43,42_KK,LOST BOY,What does the man with the beard feel when he sees the other man's hand? ,Q_noE,B,0.4320953166181489,0.0,I chose B because the man with the beard feels a sense of understanding or awareness upon seeing the other man's hand.,False
43,42_KK,LOST BOY,What does the man with the beard feel when he sees the other man's hand? ,T,E,0.6304843758724062,0.7839326858520501,The answer is E because the transcript does not provide enough information to determine the man's emotional state when he sees the other man's hand.,False
43,42_KK,LOST BOY,What does the man with the beard feel when he sees the other man's hand? ,VT,E,0.9876333534516186,0.7031944990158081,The given information does not provide enough context to determine the man's feelings.,False
43,42_KK,LOST BOY,What does the man with the beard feel when he sees the other man's hand? ,VTmis,E,0.8100451992647939,0.687688469886779,The given information does not provide any context about the man's reaction to the other man's hand.,False
44,Q25Zg,BOXED UP,"Why did the man offer to take “it” from the woman despite previously refusing to do so? 

",Q,A,0.7402039559893729,0.15764850378036502,"I chose this answer because it suggests that the man's decision to take the object is influenced by a close relationship and a sense of nostalgia, which aligns with the context of the question.",False
44,Q25Zg,BOXED UP,"Why did the man offer to take “it” from the woman despite previously refusing to do so? 

",Q_noE,A,0.7981087738238554,0.0,"I chose this answer because it suggests a deeper emotional connection and sentimentality associated with the object, which could explain the man's change in attitude.",False
44,Q25Zg,BOXED UP,"Why did the man offer to take “it” from the woman despite previously refusing to do so? 

",T,D,0.9027075425709075,0.06898690015077501,The man chose to take the object because he felt bad for the woman after she insisted and he felt guilty for her.,False
44,Q25Zg,BOXED UP,"Why did the man offer to take “it” from the woman despite previously refusing to do so? 

",VT,D,0.3904012570517099,0.027502780780196003,"The man's decision to take the object is likely influenced by his desire to help the woman, who seems upset, and to avoid causing her further distress.",False
44,Q25Zg,BOXED UP,"Why did the man offer to take “it” from the woman despite previously refusing to do so? 

",VTmis,B,0.5450991845637699,0.023389801383018,"The answer is B because it aligns with the man's change in attitude towards the object, which is influenced by his close relationship with the woman.",False
45,7zEdQ,LOST BOY,What is the boss' tone as he begins the conversation with his employee?,Q,E,0.7810400650065344,0.7777964472770691,The answer is E because the given information does not provide any details about the boss's tone.,False
45,7zEdQ,LOST BOY,What is the boss' tone as he begins the conversation with his employee?,Q_noE,C,0.7198669624660834,0.0,I chose 'C' because the boss's tone is described as neutral when he begins the conversation with his employee.,False
45,7zEdQ,LOST BOY,What is the boss' tone as he begins the conversation with his employee?,T,D,0.8715970148565501,0.318119317293167,I chose D because the boss's tone is curious as he asks about the employee's activities and drinking.,False
45,7zEdQ,LOST BOY,What is the boss' tone as he begins the conversation with his employee?,VT,D,0.9097543961551607,0.10962466895580202,"The boss' tone is curious because he is asking the employee what's going on, indicating a desire to understand the situation.",False
45,7zEdQ,LOST BOY,What is the boss' tone as he begins the conversation with his employee?,VTmis,D,0.903923732479451,0.09743895381689001,The boss' tone is curious as he begins the conversation with his employee.,False
46,TDIXr,STOP,Why isn't the blonde woman answering her phone?,Q,E,0.8596055630476633,0.9307790398597711,I chose this answer because the given information does not provide any context or details about why the blonde woman isn't answering her phone.,False
46,TDIXr,STOP,Why isn't the blonde woman answering her phone?,Q_noE,C,0.8840522723761542,0.0,"I chose this answer because it directly addresses the reasons why the blonde woman might not be answering her phone, which include feeling nervous and afraid.",False
46,TDIXr,STOP,Why isn't the blonde woman answering her phone?,T,C,0.8826630200766054,0.46883746981620705,"I chose this answer because it aligns with the context provided in the dialogue, where the blonde woman expresses her nervousness and fear about the situation.",False
46,TDIXr,STOP,Why isn't the blonde woman answering her phone?,VT,C,0.9903030602965126,0.10576544702053,"The answer is C because the context suggests the woman is nervous and afraid, which is why she doesn't answer her phone.",False
46,TDIXr,STOP,Why isn't the blonde woman answering her phone?,VTmis,C,0.9889153700224396,0.10563290119171101,"The answer is C because the description indicates that the blonde woman feels nervous and afraid, which is why she isn't answering her phone.",False
47,zyN-U,AZIZ,What two emotions does the man in the back seat feel in this scene?,Q,E,0.7750098449113154,0.650245904922485,I chose this answer because the given information does not provide enough context or details to determine the emotions of the man in the back seat.,False
47,zyN-U,AZIZ,What two emotions does the man in the back seat feel in this scene?,Q_noE,A,0.6647982845007737,0.0,I chose this answer because the man in the back seat appears to be feeling sadness and remorse based on his body language and facial expression.,False
47,zyN-U,AZIZ,What two emotions does the man in the back seat feel in this scene?,T,E,0.9555602350967011,0.846127092838287,The answer is E because the given information does not provide any details about the emotions of the man in the back seat.,False
47,zyN-U,AZIZ,What two emotions does the man in the back seat feel in this scene?,VT,E,0.8945423267456766,0.9472779035568231,The given information does not provide enough context to determine the man's emotions.,False
47,zyN-U,AZIZ,What two emotions does the man in the back seat feel in this scene?,VTmis,E,0.6676673640708028,0.8905172348022461,"The answer is 'E' because the provided information does not specify the man's emotions, making it impossible to determine them.",False
48,_aNhQ,ITALIAN MIRACLE,What is the woman feeling when she smiles?,Q,E,0.7693495904692377,0.8921401500701901,I chose this answer because the given information does not provide any context or details about the woman's emotional state or the situation she is in.,False
48,_aNhQ,ITALIAN MIRACLE,What is the woman feeling when she smiles?,Q_noE,A,0.8376794675877559,0.0,"I chose this answer because the question asks what the woman is feeling when she smiles, and option A suggests she is feeling relieved, which is a common emotion associated with smiling.",False
48,_aNhQ,ITALIAN MIRACLE,What is the woman feeling when she smiles?,T,D,0.9158722431945916,0.16968260705471,"The answer is D because the woman is smiling, which is often associated with feelings of happiness and contentment, especially in the context of being loved by God and the church.",False
48,_aNhQ,ITALIAN MIRACLE,What is the woman feeling when she smiles?,VT,D,0.534995701706081,0.085060380399227,"The woman is feeling loved by god and the church because she is smiling and saying 'Grazie' which means 'Thank you' in Italian, indicating gratitude.",False
48,_aNhQ,ITALIAN MIRACLE,What is the woman feeling when she smiles?,VTmis,D,0.9836835673524303,0.015650918707251,"The answer is D because the woman's smile is associated with feeling loved by God and the church, as indicated by the final line of the transcript.",False
49,1l_vY,COMING OUT WITH THE HELP OF A TIME MACHINE,Why does the woman repeatedly demand an answer from the man in beige?,Q,A,0.9900780005158449,0.14679388701915702,"I chose this answer because it best explains the woman's repeated questioning as a way to express her confusion, anger, and disappointment, seeking emotional reparation from the man in beige.",False
49,1l_vY,COMING OUT WITH THE HELP OF A TIME MACHINE,Why does the woman repeatedly demand an answer from the man in beige?,Q_noE,A,0.9835909441904189,0.0,"I chose this answer because it best explains the woman's repeated questioning as a way to express her confusion, anger, and disappointment, seeking emotional reparation from the man in beige.",False
49,1l_vY,COMING OUT WITH THE HELP OF A TIME MACHINE,Why does the woman repeatedly demand an answer from the man in beige?,T,A,0.9799286649889606,0.025449616834521002,"I chose this answer because it best reflects the woman's emotional state and the context of the conversation, where she is expressing confusion, anger, and disappointment, and is seeking emotional reparation through repeated questioning.",False
49,1l_vY,COMING OUT WITH THE HELP OF A TIME MACHINE,Why does the woman repeatedly demand an answer from the man in beige?,VT,A,0.9961197798833039,0.00316041149199,"The woman repeatedly demands an answer from the man in beige because she feels confused, angry, and disappointed by what the man has told her, thus channeling those emotions toward him in the form of repeated questioning in an attempt to seek emotional reparation.",False
49,1l_vY,COMING OUT WITH THE HELP OF A TIME MACHINE,Why does the woman repeatedly demand an answer from the man in beige?,VTmis,A,0.995217259628128,0.005882964935153,"The woman repeatedly demands an answer from the man in beige because she feels confused, angry, and disappointed by what the man has told her, thus channeling those emotions toward him in the form of repeated questioning in an attempt to seek emotional reparation.",False
50,VSScr,NOBODY KNOWS,Why does the boy in white ask the boy in black to keep his volume down?,Q,C,0.8396070854337541,0.39536365866661005,"I chose this answer because the boy in white is nervous and conflicted, and his request for the boy in black to keep his volume down suggests he feels triggered by the boy in black's contrasting excitement, which seems inappropriate given the gravity of the situation.",False
50,VSScr,NOBODY KNOWS,Why does the boy in white ask the boy in black to keep his volume down?,Q_noE,C,0.7936427164531539,0.0,"I chose this answer because it suggests that the boy in white is feeling nervous and conflicted, which could explain why he asks the boy in black to keep his volume down.",False
50,VSScr,NOBODY KNOWS,Why does the boy in white ask the boy in black to keep his volume down?,T,C,0.942262098049211,0.140701979398727,"I chose this answer because the boy in white seems nervous and conflicted, and his request for the boy in black to keep his voice down suggests he feels triggered by the boy in black's contrasting excitement, which felt inappropriate to the gravity of the situation.",False
50,VSScr,NOBODY KNOWS,Why does the boy in white ask the boy in black to keep his volume down?,VT,B,0.7824509057338849,0.08546381443738901,"The answer is B because it aligns with the context of the scene where the boy in white is concerned about being heard by others, possibly leading to a police investigation.",False
50,VSScr,NOBODY KNOWS,Why does the boy in white ask the boy in black to keep his volume down?,VTmis,C,0.7634554273009514,0.11712929606437601,"The boy in white is nervous and conflicted, and he likely asked the boy in black to keep his volume down because he feels triggered by the boy in black's contrasting excitement, which felt inappropriate to the gravity of the situation.",False
51,4oAZR,FORGET ME NOT,Why does the woman put on the props?,Q,D,0.6669383327308207,0.37050345540046603,I chose this answer because it aligns with the idea that the woman puts on the props to make her daughter feel better when she realizes her daughter is unhappy.,False
51,4oAZR,FORGET ME NOT,Why does the woman put on the props?,Q_noE,D,0.5724491668941177,0.0,"I chose this answer because it aligns with the idea that the woman is trying to make her daughter feel better by putting on a funny costume, which is a common way to cheer someone up.",False
51,4oAZR,FORGET ME NOT,Why does the woman put on the props?,T,D,0.9001340304842678,0.32514831423759405,"I chose this answer because it aligns with the context of the dialogue, where the woman is trying to encourage her daughter to open up about her feelings by using a humorous approach.",False
51,4oAZR,FORGET ME NOT,Why does the woman put on the props?,VT,D,0.808464482428034,0.386364847421646,"The answer is D because the woman puts on the props to make her daughter feel better, as indicated by the woman's realization that her daughter is unhappy.",False
51,4oAZR,FORGET ME NOT,Why does the woman put on the props?,VTmis,D,0.9441024131847402,0.282413601875305,"The answer is D because the woman puts on the props to make her daughter feel better, as indicated by the woman's realization that her daughter is not in a good mood and is unhappy.",False
52,MPXrs,DIFFICULT PEOPLE,How does the man feel when he sees the drawing he found?,Q,E,0.43573154155945565,0.8414786458015441,The answer is E because the given information does not provide any details about the man's feelings when he sees the drawing he found.,False
52,MPXrs,DIFFICULT PEOPLE,How does the man feel when he sees the drawing he found?,Q_noE,C,0.44296666969880505,0.0,I chose this answer because the man's reaction to the drawing he found is described as feeling disgusted.,False
52,MPXrs,DIFFICULT PEOPLE,How does the man feel when he sees the drawing he found?,T,E,0.5566645666734047,0.9268450736999511,The answer is E because the transcript does not provide any information about the man's feelings or reactions to the drawing he found.,False
52,MPXrs,DIFFICULT PEOPLE,How does the man feel when he sees the drawing he found?,VT,E,0.8410072340747875,0.97591632604599,"The given information does not provide any context or dialogue to determine the man's feelings, so the correct answer is E.",False
52,MPXrs,DIFFICULT PEOPLE,How does the man feel when he sees the drawing he found?,VTmis,E,0.6760898036069956,0.9518263936042781,The given information does not provide enough context to determine the man's feelings towards the drawing.,False
53,WKjMC,MARYAM JOON,How does the young woman feel when she looks at the photo of her mother?,Q,E,0.9876428680629807,0.648525834083557,I chose this answer because the given information does not provide any specific details about the young woman's feelings when she looks at the photo of her mother.,False
53,WKjMC,MARYAM JOON,How does the young woman feel when she looks at the photo of her mother?,Q_noE,B,0.991862052866131,0.0,"I chose B because the question implies a sense of sadness or loss, which is often associated with remembering a deceased loved one.",False
53,WKjMC,MARYAM JOON,How does the young woman feel when she looks at the photo of her mother?,T,E,0.8149626470182095,0.8242465257644651,The answer is E because the given information does not provide any context or emotion related to the young woman's feelings when she looks at the photo of her mother.,False
53,WKjMC,MARYAM JOON,How does the young woman feel when she looks at the photo of her mother?,VT,D,0.9871855714883778,0.094242759048938,"The young woman feels curious because she is asking if her mother ever wore makeup, indicating a sense of curiosity about her mother's appearance.",False
53,WKjMC,MARYAM JOON,How does the young woman feel when she looks at the photo of her mother?,VTmis,B,0.8497321327284242,0.39823275804519603,The answer is B because the young woman is sad that her mom passed away.,False
54,JKauD,COMING OUT WITH THE HELP OF A TIME MACHINE,What best explains the difference in emotions between the older woman and man compared to the younger man?,Q,B,0.7303449696879942,0.42208054661750705,"I chose B because it accurately reflects the emotional states described for the older woman and the two men, indicating that the older woman is filled with joy and excitement, while the two men are comparatively neutral.",False
54,JKauD,COMING OUT WITH THE HELP OF A TIME MACHINE,What best explains the difference in emotions between the older woman and man compared to the younger man?,Q_noE,B,0.6521737562573338,0.0,"I chose this answer because it accurately reflects the emotional states described for the older woman and the two men, indicating that the older woman and man are filled with joy and excitement, while the younger man is comparatively neutral.",False
54,JKauD,COMING OUT WITH THE HELP OF A TIME MACHINE,What best explains the difference in emotions between the older woman and man compared to the younger man?,T,B,0.9837403781229455,0.015651807188987,"I chose this answer because the older woman and man express joy and excitement, while the younger man remains neutral.",False
54,JKauD,COMING OUT WITH THE HELP OF A TIME MACHINE,What best explains the difference in emotions between the older woman and man compared to the younger man?,VT,B,0.9295732853812815,0.009030914865434002,"The older woman and man are filled with joy and excitement, while the younger man is comparatively neutral.",False
54,JKauD,COMING OUT WITH THE HELP OF A TIME MACHINE,What best explains the difference in emotions between the older woman and man compared to the younger man?,VTmis,B,0.9412944898684135,0.02763900347054,"The older woman and man are filled with joy and excitement, while the younger man is comparatively neutral.",False
55,4ODIX,ITALIAN MIRACLE,How does the man feel when he finds the phone?,Q,E,0.6054271314307017,0.7054067254066461,I chose this answer because the given information does not provide any details about the man's feelings when he finds the phone.,False
55,4ODIX,ITALIAN MIRACLE,How does the man feel when he finds the phone?,Q_noE,C,0.6159238605934937,0.0,"I chose this answer because the man is curious to know whose phone it is, indicating a sense of intrigue and desire to identify the owner.",False
55,4ODIX,ITALIAN MIRACLE,How does the man feel when he finds the phone?,T,E,0.596183177741973,0.795400738716125,The answer is E because the transcript does not provide enough information to determine the man's feelings about finding the phone.,False
55,4ODIX,ITALIAN MIRACLE,How does the man feel when he finds the phone?,VT,E,0.6443904019898679,0.787605047225952,The given information does not provide any context about the man's feelings.,False
55,4ODIX,ITALIAN MIRACLE,How does the man feel when he finds the phone?,VTmis,E,0.627017377972417,0.803484916687011,The given information does not provide enough context to determine the man's feelings when he finds the phone.,False
56,ZNtEo,BUD,What might be the reason the woman is filming the man?,Q,E,0.5171541148772709,0.87713623046875,I chose this answer because the given information does not provide enough context to determine the reason for the woman filming the man.,False
56,ZNtEo,BUD,What might be the reason the woman is filming the man?,Q_noE,B,0.7352500077951716,0.0,I chose this answer because it suggests a negative or disapproving context for the woman filming the man.,False
56,ZNtEo,BUD,What might be the reason the woman is filming the man?,T,E,0.9626166577770741,0.697811961174011,The answer is E because the transcript does not provide enough information to determine the reason for the woman filming the man.,False
56,ZNtEo,BUD,What might be the reason the woman is filming the man?,VT,B,0.8616681167575431,0.46284732222557,The answer is B because the woman's action of filming the man suggests disapproval or criticism of his behavior.,False
56,ZNtEo,BUD,What might be the reason the woman is filming the man?,VTmis,E,0.9883570490377821,0.528291940689086,The given information does not provide enough context to determine the reason for the woman filming the man.,False
57,fL1sO,THE REFEREE,Why does the little girl laugh at the old man?,Q,E,0.872109054307702,0.49703985452651905,I chose this answer because the given information does not provide enough context to determine the reason for the little girl's laughter.,False
57,fL1sO,THE REFEREE,Why does the little girl laugh at the old man?,Q_noE,A,0.8250093758393904,0.0,"I chose this answer because the little girl's laughter is likely a reaction to the old man's excitement, which she finds amusing.",False
57,fL1sO,THE REFEREE,Why does the little girl laugh at the old man?,T,A,0.49545396565279043,0.30422031879425004,"I chose this answer because the little girl's laughter is likely a reaction to the old man's excitement, as indicated by the phrase ""Oh my god!"" in the transcript.",False
57,fL1sO,THE REFEREE,Why does the little girl laugh at the old man?,VT,B,0.9129039853221868,0.062028560787439006,The little girl laughs at the old man because she is amused by his disgust.,False
57,fL1sO,THE REFEREE,Why does the little girl laugh at the old man?,VTmis,B,0.639451195741151,0.27945938706398005,The little girl laughs at the old man because she is amused by his disgust.,False
58,ZB0i-,THE ROOM IN THE ELEPHANT,How does the man feel in reaction to the woman's incessant writing? ,Q,E,0.5670183959227071,0.45205688476562506,The answer is E because the given information does not provide enough context to determine the man's feelings in reaction to the woman's writing.,False
58,ZB0i-,THE ROOM IN THE ELEPHANT,How does the man feel in reaction to the woman's incessant writing? ,Q_noE,B,0.47369842662591294,0.0,"I chose this answer because it reflects the man's concern about the woman's unusual behavior, which is not typical of her.",False
58,ZB0i-,THE ROOM IN THE ELEPHANT,How does the man feel in reaction to the woman's incessant writing? ,T,B,0.8460843723505437,0.285541743040084,I chose B because the man expresses concern about the woman's behavior being uncharacteristic of her.,False
58,ZB0i-,THE ROOM IN THE ELEPHANT,How does the man feel in reaction to the woman's incessant writing? ,VT,B,0.6940213967336836,0.379834115505218,The man feels concerned since this is uncharacteristic of the woman.,False
58,ZB0i-,THE ROOM IN THE ELEPHANT,How does the man feel in reaction to the woman's incessant writing? ,VTmis,E,0.45236422768110607,0.696721136569976,The given information does not provide enough context to determine the man's feelings in reaction to the woman's writing.,False
59,FcQUe,LUGHEAD,How does the man feel after the woman called him an athlete?,Q,E,0.8878522043195753,0.563665032386779,The answer is E because the given information does not provide any context or details about the man's emotional response to being called an athlete.,False
59,FcQUe,LUGHEAD,How does the man feel after the woman called him an athlete?,Q_noE,B,0.9312991682042214,0.0,"I chose B because the term ""athlete"" typically implies a person who is physically fit and active, which could evoke feelings of pride.",False
59,FcQUe,LUGHEAD,How does the man feel after the woman called him an athlete?,T,D,0.9920732304627458,0.40541356801986606,"The man's response ""Yeah, I guess"" suggests he is unsure or confused about the label of being an athlete.",False
59,FcQUe,LUGHEAD,How does the man feel after the woman called him an athlete?,VT,D,0.989787283091791,0.375131368637084,"The man's response of 'Yeah' and the subsequent 'Yeah, I guess.' suggests he is confused about the question.",False
59,FcQUe,LUGHEAD,How does the man feel after the woman called him an athlete?,VTmis,D,0.9954997841065186,0.467667579650878,"The man's response ""Yeah, I guess."" suggests he is confused about being called an athlete.",False
60,m89Ro,DON'T BE A HERO,Why is the woman with brown hair stuttering? ,Q,E,0.9937084697718391,0.529637336730957,I chose this answer because the given information does not provide any context or details about the woman's situation or the reason for her stuttering.,False
60,m89Ro,DON'T BE A HERO,Why is the woman with brown hair stuttering? ,Q_noE,B,0.9949472168401983,0.0,"I chose this answer because it suggests a psychological reason for the woman's stuttering, which is often associated with feelings of vulnerability or anxiety in social situations.",False
60,m89Ro,DON'T BE A HERO,Why is the woman with brown hair stuttering? ,T,B,0.9998458278418676,0.037321344017982004,"The woman is nervous about being vulnerable with the other woman, which is why she is stuttering.",False
60,m89Ro,DON'T BE A HERO,Why is the woman with brown hair stuttering? ,VT,B,0.9996635247776288,0.017980271950364002,"The woman with brown hair is nervous about being vulnerable with the other woman, which is why she is stuttering.",False
60,m89Ro,DON'T BE A HERO,Why is the woman with brown hair stuttering? ,VTmis,B,0.9997962648789251,0.014060802757740002,"The answer is B because the context suggests a nervousness about being vulnerable, which is a common reason for stuttering.",False
61,ftzSg,ONE DAY NOTICE,Why does the man abruptly announce that he is quitting?,Q,C,0.7011058217953747,0.185412853956222,"I chose this answer because it aligns with the context provided, indicating that the man's decision to quit is a reaction to the woman's detachment and misplaced blame, which led to a breaking point for him.",False
61,ftzSg,ONE DAY NOTICE,Why does the man abruptly announce that he is quitting?,Q_noE,C,0.6974327473304635,0.0,"I chose this answer because it aligns with the context provided, where the man feels betrayed and frustrated by the woman's actions and decisions, leading to his decision to quit.",False
61,ftzSg,ONE DAY NOTICE,Why does the man abruptly announce that he is quitting?,T,C,0.8028971505548445,0.043333511799573,"I chose this answer because the man's abrupt decision to quit is a reaction to the woman's detachment and her placing the blame on him, which led him to feel that he has reached a breaking point.",False
61,ftzSg,ONE DAY NOTICE,Why does the man abruptly announce that he is quitting?,VT,C,0.8483632139668764,0.040525808930397006,The answer is C because the man's decision to quit is a result of his frustration with the woman's detachment and her placing the blame on him for the agency's failure.,False
61,ftzSg,ONE DAY NOTICE,Why does the man abruptly announce that he is quitting?,VTmis,C,0.8297313577901981,0.050371121615171,The answer is C because the man's decision to quit is a result of his frustration with the woman's detachment from the reality of the agency's failure and her placing the blame on him.,False
62,tt0nw,ANOTHER CANCER MOVIE,"Why does the sick woman repeat to herself ""Stay in character, stay in character""?",Q,D,0.6014995004907462,0.375585198402404,"I chose D because the repetition of ""Stay in character"" suggests the woman is trying to maintain her focus and emotional state for a performance or role-play.",False
62,tt0nw,ANOTHER CANCER MOVIE,"Why does the sick woman repeat to herself ""Stay in character, stay in character""?",Q_noE,C,0.4417438040380406,0.0,I chose this answer because the woman is trying to play the part well to gain her nephew's approval.,False
62,tt0nw,ANOTHER CANCER MOVIE,"Why does the sick woman repeat to herself ""Stay in character, stay in character""?",T,D,0.6280474503569541,0.09839916974306101,"The answer is D because the woman is likely distracted or not fully present due to her illness, and she needs to remind herself to stay in character to maintain the scene's continuity.",False
62,tt0nw,ANOTHER CANCER MOVIE,"Why does the sick woman repeat to herself ""Stay in character, stay in character""?",VT,D,0.6919187928085778,0.10733209550380701,"The answer is D because the woman is trying to remind herself to stay in character while performing, as indicated by her repeated phrase.",False
62,tt0nw,ANOTHER CANCER MOVIE,"Why does the sick woman repeat to herself ""Stay in character, stay in character""?",VTmis,D,0.9533860927409036,0.045315347611904006,"The answer is D because the woman is trying to stay in character despite her discomfort, indicating she is distracted and needs to remind herself to stay in character.",False
63,E0aVA,MY BROTHER IS A MERMAID,Why is the woman in white hanging up the glittery pants on the clothesline she had previously thrown into the bin?,Q,B,0.6652163587859067,0.23909580707550002,"I chose this answer because it reflects a newfound acceptance of her son's identity, despite her earlier reservations, as indicated by the careful handling of the pants.",False
63,E0aVA,MY BROTHER IS A MERMAID,Why is the woman in white hanging up the glittery pants on the clothesline she had previously thrown into the bin?,Q_noE,B,0.6812853483233251,0.0,I chose this answer because it reflects a nuanced acceptance of her son's identity while also acknowledging her internal conflict about his personal expression.,False
63,E0aVA,MY BROTHER IS A MERMAID,Why is the woman in white hanging up the glittery pants on the clothesline she had previously thrown into the bin?,T,B,0.9049774075557201,0.054689314216375004,"I chose this answer because it reflects the woman's growing acceptance of her son's identity, as indicated by her careful handling of the pants and her desire to see them as a symbol of his identity.",False
63,E0aVA,MY BROTHER IS A MERMAID,Why is the woman in white hanging up the glittery pants on the clothesline she had previously thrown into the bin?,VT,B,0.674440242779073,0.025484444573521003,"The answer is B because it reflects the woman's growing acceptance of her son's identity, as shown by her careful handling of the pants, which symbolizes her acceptance of his sense of style.",False
63,E0aVA,MY BROTHER IS A MERMAID,Why is the woman in white hanging up the glittery pants on the clothesline she had previously thrown into the bin?,VTmis,B,0.6434983414003133,0.039512045681476,"The answer is B because it reflects the woman's growing acceptance of her son's identity, as she handles the pants with care, indicating a shift from her earlier conflict.",False
64,ethcx,THE TIME TREE,"Why does the woman say ""not yet anyway""?",Q,C,0.9104230274052587,0.250894755125045,"I chose C because the woman's statement ""not yet anyway"" suggests she approves of the girl's gift and is encouraging her to learn more and discover further.",False
64,ethcx,THE TIME TREE,"Why does the woman say ""not yet anyway""?",Q_noE,C,0.89368281908082,0.0,"I chose this answer because the woman's statement ""not yet anyway"" suggests that she approves of the girl's strange gift and is encouraging her to learn more and discover further.",False
64,ethcx,THE TIME TREE,"Why does the woman say ""not yet anyway""?",T,B,0.512994529694154,0.33905908465385404,"I chose this answer because the woman's statement ""not yet anyway"" suggests she disapproves of the girl's strange gift and is afraid that it may be dangerous.",False
64,ethcx,THE TIME TREE,"Why does the woman say ""not yet anyway""?",VT,E,0.48426797819864636,0.474991708993911,The answer is 'E' because the given information does not provide enough context to determine the woman's stance on the girl's gift.,False
64,ethcx,THE TIME TREE,"Why does the woman say ""not yet anyway""?",VTmis,C,0.7240521086736905,0.305150151252746,"The woman says ""not yet anyway"" because she approves of the girl's strange gift and supports her learning more and discovering further.",False
65,8Ebh4,BARRIER,What is the emotional progression of the soldier when he opens the boy's document tube?,Q,E,0.5450990640345506,0.801104605197906,The answer is E because the given information does not provide enough context to determine the soldier's emotional progression.,False
65,8Ebh4,BARRIER,What is the emotional progression of the soldier when he opens the boy's document tube?,Q_noE,D,0.48390568119709154,0.0,I chose D because the soldier's initial nervousness is followed by a sense of fear when he opens the boy's document tube.,False
65,8Ebh4,BARRIER,What is the emotional progression of the soldier when he opens the boy's document tube?,T,E,0.5116775876624753,0.929559290409088,The answer is E because the transcript does not provide enough information to determine the soldier's emotional progression.,False
65,8Ebh4,BARRIER,What is the emotional progression of the soldier when he opens the boy's document tube?,VT,E,0.6733850123504281,0.832655012607574,The given information does not provide enough context to determine the emotional progression of the soldier.,False
65,8Ebh4,BARRIER,What is the emotional progression of the soldier when he opens the boy's document tube?,VTmis,E,0.6904550655917953,0.9468284845352171,The given information does not provide enough context to determine the soldier's emotional progression.,False
66,pwsNv,TWO DOSAS,What does the man's body language tell us about how he is feeling?,Q,E,0.6221893862646652,0.802261471748352,"I chose this answer because the given information does not provide any details about the man's body language, making it impossible to determine his feelings.",False
66,pwsNv,TWO DOSAS,What does the man's body language tell us about how he is feeling?,Q_noE,D,0.7839923819604239,0.0,"I chose D because the man's body language indicates nervousness, which is often characterized by fidgeting, avoiding eye contact, or other signs of discomfort.",False
66,pwsNv,TWO DOSAS,What does the man's body language tell us about how he is feeling?,T,D,0.5134898761535673,0.215594828128814,"The man's body language shows that he is nervous because he is described as being 'primed and ready' like a gladiator, which suggests he is anxious or tense.",False
66,pwsNv,TWO DOSAS,What does the man's body language tell us about how he is feeling?,VT,D,0.7016420540504389,0.22629839181900002,The man's body language shows that he is nervous.,False
66,pwsNv,TWO DOSAS,What does the man's body language tell us about how he is feeling?,VTmis,E,0.7102142258911258,0.445915281772613,"The given information does not provide any details about the man's body language, so it is impossible to determine how he is feeling.",False
67,wy2j5,ITALIAN MIRACLE,How does the woman feel about her son?,Q,E,0.6060857731085734,0.40715625882148704,The answer is E because the given information does not provide enough context to determine the woman's feelings about her son.,False
67,wy2j5,ITALIAN MIRACLE,How does the woman feel about her son?,Q_noE,C,0.7180562133900388,0.0,"I chose this answer because the woman expresses a desire for her son to wake up earlier, indicating her wish for him to be more active or present.",False
67,wy2j5,ITALIAN MIRACLE,How does the woman feel about her son?,T,C,0.8346559874599481,0.11347409337759001,"The answer is C because the woman expresses a desire for her son to wake up earlier, indicating she wishes he would be more active or responsible.",False
67,wy2j5,ITALIAN MIRACLE,How does the woman feel about her son?,VT,C,0.5305668572084905,0.163309201598167,"The answer is C because the woman expresses a desire for her son to wake up earlier, indicating her wish for him to be more active or responsible.",False
67,wy2j5,ITALIAN MIRACLE,How does the woman feel about her son?,VTmis,C,0.983571962913835,0.046683128923177004,"The answer is C because the woman expresses a desire for her son to wake up earlier, indicating a wish for him to be more active or responsible.",False
68,sft8o,BUZZKILL,Why did the boy loosen the string of the girl's bikini top? ,Q,E,0.8585726223082077,0.7725059986114501,I chose this answer because the given information does not provide enough context to determine the reason behind the boy's action.,False
68,sft8o,BUZZKILL,Why did the boy loosen the string of the girl's bikini top? ,Q_noE,C,0.8387648338263518,0.0,"I chose this answer because it suggests a playful or teasing motive, which aligns with the context of the question.",False
68,sft8o,BUZZKILL,Why did the boy loosen the string of the girl's bikini top? ,T,C,0.9932400273497459,0.053061477839946004,"I chose this answer because the boy's action of loosening the string of the girl's bikini top was described as a way to have fun, which implies that he was teasing her for amusement.",False
68,sft8o,BUZZKILL,Why did the boy loosen the string of the girl's bikini top? ,VT,C,0.994567320165385,0.09488060325384101,"The answer is C because the boy's action of loosening the string of the girl's bikini top seems to be done in a teasing manner, as indicated by the phrase ""Just having fun.""",False
68,sft8o,BUZZKILL,Why did the boy loosen the string of the girl's bikini top? ,VTmis,C,0.9941221082127976,0.041850693523883,"The answer is C because the boy's action of loosening the string of the girl's bikini top was done to tease her, as indicated by the transcript.",False
69,QgPNP,ANOTHER CANCER MOVIE,Why does the man in blue scrubs get irritated by the other man's suggestion?,Q,E,0.5487511814061358,0.56829297542572,I chose this answer because the given information does not provide enough context to determine the specific reason for the man in blue scrubs getting irritated.,False
69,QgPNP,ANOTHER CANCER MOVIE,Why does the man in blue scrubs get irritated by the other man's suggestion?,Q_noE,C,0.6943692760068053,0.0,"I chose this answer because it indicates that the man in blue scrubs has previously suggested the same thing, which might lead to irritation due to repetition.",False
69,QgPNP,ANOTHER CANCER MOVIE,Why does the man in blue scrubs get irritated by the other man's suggestion?,T,E,0.4836780456868524,0.656709372997283,The answer is E because the given information does not provide enough context to determine the reason for the man's irritation.,False
69,QgPNP,ANOTHER CANCER MOVIE,Why does the man in blue scrubs get irritated by the other man's suggestion?,VT,E,0.5859787175467178,0.7242273092269891,The given information does not provide enough context to determine the reason for the man's irritation.,False
69,QgPNP,ANOTHER CANCER MOVIE,Why does the man in blue scrubs get irritated by the other man's suggestion?,VTmis,E,0.6487062277977895,0.42365783452987604,The answer is 'E' because the given information does not provide enough context to determine the reason for the man's irritation.,False
70,M6QyT,BABY MINE,What is the woman feeling in this scene.,Q,C,0.9983537307378906,0.042021352797746006,I chose C because the woman is feeling fearful because she cannot find her daughter.,False
70,M6QyT,BABY MINE,What is the woman feeling in this scene.,Q_noE,C,0.9972023448127479,0.0,I chose this answer because the woman is feeling fearful because she cannot find her daughter.,False
70,M6QyT,BABY MINE,What is the woman feeling in this scene.,T,C,0.9992630268125402,0.085041671991348,I chose C because the woman's repeated questioning and the context suggest she is feeling fearful due to her inability to find her daughter.,False
70,M6QyT,BABY MINE,What is the woman feeling in this scene.,VT,C,0.9995717215057494,0.017978645861148,The answer is C because the woman is feeling fearful due to her inability to find her daughter.,False
70,M6QyT,BABY MINE,What is the woman feeling in this scene.,VTmis,C,0.999197171702809,0.033060289919376006,The woman is feeling fearful because she cannot find her daughter.,False
71,5lQJE,THE FOOL'S MATE,Can you describe the different emotions the character in red goes through and why?,Q,C,0.8049883547679679,0.275493323802948,"I chose this answer because it accurately describes the sequence of emotions the character in red experiences, starting with annoyance at not being able to light a cigarette, followed by embarrassment upon barging into the pub, and finally feeling nervous and guilty about cheating on his girlfriend.",False
71,5lQJE,THE FOOL'S MATE,Can you describe the different emotions the character in red goes through and why?,Q_noE,C,0.7834568338812457,0.0,"I chose this answer because it accurately describes the sequence of emotions the character in red experiences, starting with annoyance at not being able to light a cigarette, followed by embarrassment when barging into the pub, and finally feeling nervous and guilty about cheating on his girlfriend.",False
71,5lQJE,THE FOOL'S MATE,Can you describe the different emotions the character in red goes through and why?,T,C,0.6475855305282628,0.12625285983085602,"I chose this answer because it accurately reflects the character's emotions as described in the transcript, starting with annoyance at not being able to light a cigarette, followed by embarrassment when barging into the pub, and finally nervousness and guilt about cheating on his girlfriend.",False
71,5lQJE,THE FOOL'S MATE,Can you describe the different emotions the character in red goes through and why?,VT,C,0.8332634789980646,0.011746251024305002,"The answer is C because it correctly describes the sequence of emotions the character in red experiences: annoyed at first, then embarrassed, and finally nervous and guilty.",False
71,5lQJE,THE FOOL'S MATE,Can you describe the different emotions the character in red goes through and why?,VTmis,C,0.5281682506884088,0.10542580485343901,"The character in red goes from annoyed because he can't light up the cigarette, then he becomes embarrassed when he barges into the pub and after that he becomes nervous and guilty by the fact that he's about to tell her that he is cheating.",False
72,3PS5Q,THE GUARD,"What is the man in the confessional's reaction to hearing the priest say that ""evil thoughts can become evil deeds""?",Q,E,0.42588619089103313,0.8546337485313411,The answer is E because the given information does not provide any details about the man's reaction to the priest's statement.,False
72,3PS5Q,THE GUARD,"What is the man in the confessional's reaction to hearing the priest say that ""evil thoughts can become evil deeds""?",Q_noE,B,0.41342935582145157,0.0,"I chose B because the man's reaction to hearing the priest say that ""evil thoughts can become evil deeds"" is likely to be confused and scared, as it could be a surprising or unsettling realization.",False
72,3PS5Q,THE GUARD,"What is the man in the confessional's reaction to hearing the priest say that ""evil thoughts can become evil deeds""?",T,B,0.9182770096569948,0.329542219638824,"I chose this answer because the man's reaction is described as ""afraid,"" which indicates confusion and fear, aligning with option B.",False
72,3PS5Q,THE GUARD,"What is the man in the confessional's reaction to hearing the priest say that ""evil thoughts can become evil deeds""?",VT,B,0.9346775627756754,0.255868554115295,"The man's reaction of confusion and fear is indicated by the text, showing his struggle with his thoughts.",False
72,3PS5Q,THE GUARD,"What is the man in the confessional's reaction to hearing the priest say that ""evil thoughts can become evil deeds""?",VTmis,E,0.48502036313317864,0.475378841161727,The given information does not provide enough context to determine the man's reaction.,False
73,J60wp,ITALIAN MIRACLE,Who is the man thanking and why?,Q,E,0.9545759024891808,0.640724897384643,I chose this answer because the given information does not provide enough context to determine the specific reason for the man's gratitude.,False
73,J60wp,ITALIAN MIRACLE,Who is the man thanking and why?,Q_noE,A,0.935182359121248,0.0,"I chose this answer because the man is expressing his gratitude to God for finding his phone, which is a positive outcome.",False
73,J60wp,ITALIAN MIRACLE,Who is the man thanking and why?,T,E,0.7974780172923471,0.9635154008865351,The answer is E because the transcript does not provide enough context to determine the reason for the man's gratitude.,False
73,J60wp,ITALIAN MIRACLE,Who is the man thanking and why?,VT,A,0.9654175576815858,0.36930614709854104,The man is expressing his gratitude to God because he is happy to have found the phone.,False
73,J60wp,ITALIAN MIRACLE,Who is the man thanking and why?,VTmis,E,0.8938478312507463,0.779504358768463,"The answer is E because the transcript does not provide enough context to determine the specific reason for the man's gratitude, making it impossible to choose from the given options.",False
74,xrCph,AZIZ,How do the men feel when they cannot find their friend?,Q,E,0.4183087049400046,0.835959196090698,The answer is E because the given information does not provide enough context to determine the emotions of the men when they cannot find their friend.,False
74,xrCph,AZIZ,How do the men feel when they cannot find their friend?,Q_noE,C,0.46454877796993216,0.0,I chose C because the men feel fear when they cannot find their friend.,False
74,xrCph,AZIZ,How do the men feel when they cannot find their friend?,T,A,0.9890790125164791,0.146667525172233,"I chose this answer because the phrase ""Thank God"" suggests a feeling of relief when the friend is not found.",False
74,xrCph,AZIZ,How do the men feel when they cannot find their friend?,VT,E,0.7830829016499792,0.6237471103668211,The given information does not provide enough context to determine the emotions of the men.,False
74,xrCph,AZIZ,How do the men feel when they cannot find their friend?,VTmis,A,0.9654645555759714,0.491214424371719,The men feel relieved because they are thankful that their friend is not there.,False
75,gepWk,THE DEAD ONES,Why does she hesitate to get out of the car?,Q,E,0.6344571890504112,0.603486716747283,I chose this answer because the given information does not provide enough context to determine the reason for her hesitation to get out of the car.,False
75,gepWk,THE DEAD ONES,Why does she hesitate to get out of the car?,Q_noE,D,0.550982752778279,0.0,I chose this answer because it suggests a scenario where the person is aware of a potential accident and is afraid of the consequences of acknowledging it.,False
75,gepWk,THE DEAD ONES,Why does she hesitate to get out of the car?,T,E,0.6891259179725194,0.5628332495689391,The answer is E because the transcript does not provide any information about the reason for her hesitation.,False
75,gepWk,THE DEAD ONES,Why does she hesitate to get out of the car?,VT,D,0.8145803016256393,0.12400023639202101,The answer is D because the woman is hesitant to get out of the car due to the fear of facing the reality that she might have hit someone.,False
75,gepWk,THE DEAD ONES,Why does she hesitate to get out of the car?,VTmis,B,0.41342935215152177,0.243558391928672,"The answer is B because the character is disgusted by the hygiene of the neighborhood, which makes her hesitate to get out of the car.",False
76,jIlCR,MY BROTHER IS A MERMAID,"Why is the young person with dark lipstick walking, fidgeting and glancing around the way they do? ",Q,A,0.8569384014234402,0.46147918701171803,"I chose this answer because it suggests a complex mix of desires and nervousness about public perception, which aligns with the described behavior of the young person.",False
76,jIlCR,MY BROTHER IS A MERMAID,"Why is the young person with dark lipstick walking, fidgeting and glancing around the way they do? ",Q_noE,A,0.8460705588595123,0.0,I chose this answer because it best explains the young person's behavior by suggesting they are dealing with mixed desires and self-doubt about how they present themselves in public.,False
76,jIlCR,MY BROTHER IS A MERMAID,"Why is the young person with dark lipstick walking, fidgeting and glancing around the way they do? ",T,A,0.9560451530482668,0.17581681907176902,"I chose this answer because it best fits the description of the young person's behavior, which suggests a mix of desires and nervousness about how they present themselves in public.",False
76,jIlCR,MY BROTHER IS A MERMAID,"Why is the young person with dark lipstick walking, fidgeting and glancing around the way they do? ",VT,A,0.9749182094016109,0.010714323259890001,"The answer is A because it aligns with the description of the young person's behavior, indicating a mix of desires and nervousness about public perception, which is consistent with the context provided.",False
76,jIlCR,MY BROTHER IS A MERMAID,"Why is the young person with dark lipstick walking, fidgeting and glancing around the way they do? ",VTmis,A,0.9665121133263643,0.045910596847534006,"The answer is A because it aligns with the description of the young person's behavior, indicating a mix of desires and nervousness about public perception.",False
77,Ahq8K,THE ARK,How does the man feel about the blonde woman's comments?,Q,E,0.4899701374120119,0.416195571422576,I chose this answer because the given information does not provide any context or details about the man's feelings towards the blonde woman's comments.,False
77,Ahq8K,THE ARK,How does the man feel about the blonde woman's comments?,Q_noE,C,0.5284271757539047,0.0,"I chose this answer because it reflects the man's emotional state of feeling guilty and surprised at the possibility of the brunette woman's innocence, as mentioned in the context.",False
77,Ahq8K,THE ARK,How does the man feel about the blonde woman's comments?,T,C,0.8290850368657369,0.25684487819671603,"I chose this answer because the man's response indicates that he is surprised and possibly guilty about the possibility of the brunette woman's innocence, which is a reaction to the ethical dilemma raised by the blonde woman.",False
77,Ahq8K,THE ARK,How does the man feel about the blonde woman's comments?,VT,E,0.7613711341871267,0.674226939678192,The given information does not provide enough context to determine the man's feelings towards the blonde woman's comments.,False
77,Ahq8K,THE ARK,How does the man feel about the blonde woman's comments?,VTmis,C,0.8645192466242578,0.198518171906471,"The man feels guilty and surprised at the possibility of the brunette woman's innocence, as indicated by his reaction to the blonde woman's comments.",False
78,xu8SS,THE THINGS YOU THINK I'M THINKING,What is the dark man feeling after hearing the questions from the white man?,Q,E,0.5076290539881412,0.42482319474220204,I chose this answer because the given information does not provide any context or details about the dark man's emotional state or reaction to the white man's questions.,False
78,xu8SS,THE THINGS YOU THINK I'M THINKING,What is the dark man feeling after hearing the questions from the white man?,Q_noE,B,0.6227414671798768,0.0,I chose B because the context suggests the dark man is feeling exasperated by the white man's questions.,False
78,xu8SS,THE THINGS YOU THINK I'M THINKING,What is the dark man feeling after hearing the questions from the white man?,T,E,0.6318753691029966,0.417252331972122,The answer is E because the transcript does not provide enough information to determine the dark man's feelings.,False
78,xu8SS,THE THINGS YOU THINK I'M THINKING,What is the dark man feeling after hearing the questions from the white man?,VT,B,0.8283899167731683,0.191813170909881,The dark man is feeling exasperated by the white man's questions.,False
78,xu8SS,THE THINGS YOU THINK I'M THINKING,What is the dark man feeling after hearing the questions from the white man?,VTmis,E,0.7431327252955333,0.488281965255737,The given information does not provide enough context to determine the man's feelings.,False
79,dBuuK,EVERY OTHER WEEK,Why does he apologize even though the woman did not say anything?,Q,E,0.5846680488254886,0.490823298692703,I chose this answer because the given information does not provide enough context to determine the reason for his apology.,False
79,dBuuK,EVERY OTHER WEEK,Why does he apologize even though the woman did not say anything?,Q_noE,C,0.5830002365871556,0.0,"I chose this answer because it suggests that the man is overly sensitive and assumes that people are offended by his words, which is a common trait among individuals who are self-conscious.",False
79,dBuuK,EVERY OTHER WEEK,Why does he apologize even though the woman did not say anything?,T,C,0.8307236349315442,0.363441497087478,"The answer is C because the man apologizes without being prompted, suggesting he is self-conscious and assumes others are offended by his words.",False
79,dBuuK,EVERY OTHER WEEK,Why does he apologize even though the woman did not say anything?,VT,C,0.6973805156008396,0.225233510136604,"The answer is C because the man apologizes without being directly challenged, suggesting he is overly sensitive and assumes he has offended the woman.",False
79,dBuuK,EVERY OTHER WEEK,Why does he apologize even though the woman did not say anything?,VTmis,B,0.7270869081743764,0.21103312075138,"The answer is B because the man's apology is likely a response to an unspoken understanding or a perceived offense, which is common in social interactions.",False
80,U06oq,HEAD ABOVE WATER,How does the man feel as he tries to show the woman his drawing?,Q,A,0.3535333049143052,0.21589045226573902,"I chose this answer because it reflects the man's concern and care for the woman's deteriorating condition, which is implied by the context of him trying to show her his drawing.",False
80,U06oq,HEAD ABOVE WATER,How does the man feel as he tries to show the woman his drawing?,Q_noE,A,0.36694210836094265,0.0,"I chose this answer because it reflects the man's concern and care for the woman's deteriorating condition, which is a common emotional response in such situations.",False
80,U06oq,HEAD ABOVE WATER,How does the man feel as he tries to show the woman his drawing?,T,A,0.6276574352604498,0.122844964265823,"I chose this answer because the man expresses concern and care for the woman's deteriorating conditions, which is evident from his repeated attempts to show her his drawing and his plea for her to understand.",False
80,U06oq,HEAD ABOVE WATER,How does the man feel as he tries to show the woman his drawing?,VT,D,0.9084061444984792,0.07791178673505701,"The answer is D because the man is filled with fear and grief that she no longer understands his drawing, as indicated by his repeated requests for her to stop and his concern about her deteriorating condition.",False
80,U06oq,HEAD ABOVE WATER,How does the man feel as he tries to show the woman his drawing?,VTmis,D,0.5043245848671758,0.15649586915969801,"The answer is D because the man is filled with fear and grief that she no longer understands his drawing, as indicated by the dialogue where he tries to show her his drawing and she doesn't understand it.",False
81,6gXt1,SAUCE,What is the emotional progression of both adults?,Q,E,0.5530762621135658,0.6587526798248291,I chose this answer because the given information does not provide enough context to determine the emotional progression of the adults.,False
81,6gXt1,SAUCE,What is the emotional progression of both adults?,Q_noE,A,0.4930919633345022,0.0,"I chose this answer because it reflects the sequence of emotions that adults typically experience when they first encounter something joyful, then find amusement in it, and finally come to a realization about its deeper meaning.",False
81,6gXt1,SAUCE,What is the emotional progression of both adults?,T,E,0.594135444152117,0.617594838142395,The answer is E because the given information does not provide enough context to determine the emotional progression of the adults.,False
81,6gXt1,SAUCE,What is the emotional progression of both adults?,VT,A,0.8897819758062173,0.08574130386114101,"The answer is A because the emotional progression of both adults starts with joy, then moves to amusement when the woman realizes the man is joking, and finally to realization when they both understand the situation.",False
81,6gXt1,SAUCE,What is the emotional progression of both adults?,VTmis,A,0.7428052809320144,0.36648607254028304,"The answer is A because the emotional progression of both adults starts with joy, transitions to amusement, and finally leads to a realization.",False
82,6f2Bl,MALIGNANT,How does the man in the hat react to the brunette woman's comment?,Q,E,0.5693344598984403,0.9195842742919921,I chose this answer because the given information does not provide any details about the man's reaction to the brunette woman's comment.,False
82,6f2Bl,MALIGNANT,How does the man in the hat react to the brunette woman's comment?,Q_noE,D,0.5944816800438616,0.0,I chose D because the man in the hat admires her knowledge based on the context provided.,False
82,6f2Bl,MALIGNANT,How does the man in the hat react to the brunette woman's comment?,T,D,0.8942286606481671,0.44107663631439203,"I chose D because the man in the hat's reaction is described as 'Wow', which suggests he is impressed or admiring her knowledge.",False
82,6f2Bl,MALIGNANT,How does the man in the hat react to the brunette woman's comment?,VT,E,0.9279231251400588,0.690015912055969,The given information does not provide enough context to determine the man's reaction to the brunette woman's comment.,False
82,6f2Bl,MALIGNANT,How does the man in the hat react to the brunette woman's comment?,VTmis,E,0.8379314054649243,0.8752481937408441,The answer is 'E' because the provided information does not specify the man's reaction to the brunette woman's comment.,False
83,EuRHz,CHRISTMAS EVE EVE,Why does the woman hit herself after ending the phone call?,Q,E,0.6621643963350456,0.6710104346275331,I chose this answer because the given information does not provide enough context to determine the reason for the woman hitting herself after ending the phone call.,False
83,EuRHz,CHRISTMAS EVE EVE,Why does the woman hit herself after ending the phone call?,Q_noE,A,0.6621970036953252,0.0,"I chose this answer because the woman hitting herself after ending the phone call suggests a concern or worry about the caller, which aligns with option A.",False
83,EuRHz,CHRISTMAS EVE EVE,Why does the woman hit herself after ending the phone call?,T,E,0.7454935853389895,0.846354603767395,The answer is E because the transcript does not provide any information about the woman hitting herself or the reason behind it.,False
83,EuRHz,CHRISTMAS EVE EVE,Why does the woman hit herself after ending the phone call?,VT,A,0.864162660436564,0.37261977791786105,"The answer is A because the woman hitting herself suggests she is worried about the caller, indicating concern for the caller's well-being.",False
83,EuRHz,CHRISTMAS EVE EVE,Why does the woman hit herself after ending the phone call?,VTmis,A,0.7963009826172768,0.353708356618881,"The woman hitting herself suggests she is concerned about the caller, as indicated by the subtitle mentioning her worry about something happening to the caller.",False
84,iNEhw,FATHER FIGURE,Why does the man with the glasses apologize?,Q,C,0.6477822796875783,0.212620660662651,"I chose this answer because it indicates that the man feels bad for saying something unkind to the boy, which is a common reason for apologizing.",False
84,iNEhw,FATHER FIGURE,Why does the man with the glasses apologize?,Q_noE,C,0.6962816455855358,0.0,"I chose this answer because it indicates that the man feels bad for saying something unkind to the boy, which is a common reason for apologizing.",False
84,iNEhw,FATHER FIGURE,Why does the man with the glasses apologize?,T,B,0.5274044069584634,0.052660714834928006,I chose this answer because it reflects the man's understanding of the boy's perspective and his empathy towards the boy's feelings.,False
84,iNEhw,FATHER FIGURE,Why does the man with the glasses apologize?,VT,B,0.9759931841791283,0.005095446016639,The man with the glasses apologizes because he understands how the boy perceives the situation and feels sorry for him.,False
84,iNEhw,FATHER FIGURE,Why does the man with the glasses apologize?,VTmis,B,0.7656442135223934,0.117425665259361,The man with the glasses apologizes because he understands the boy's perspective and feelings about the situation.,False
85,M3U5v,MAXIMUS,Why did the bearded man react that way when he saw the girl?,Q,E,0.574556524158138,0.8998755812644951,I chose this answer because the given information does not provide enough context or details to determine the reason for the bearded man's reaction.,False
85,M3U5v,MAXIMUS,Why did the bearded man react that way when he saw the girl?,Q_noE,C,0.6270767929576941,0.0,"I chose this answer because it aligns with the context provided, indicating that the bearded man was surprised to see the girl since his eyes were closed and he hadn't seen her.",False
85,M3U5v,MAXIMUS,Why did the bearded man react that way when he saw the girl?,T,E,0.8480134741576199,0.747465729713439,The answer is E because the given information does not provide any context or details about the bearded man's reaction or the situation that led to it.,False
85,M3U5v,MAXIMUS,Why did the bearded man react that way when he saw the girl?,VT,C,0.9909987026129066,0.24341593682765902,"The bearded man reacted that way because he was surprised, since his eyes were closed and he hadn't seen her.",False
85,M3U5v,MAXIMUS,Why did the bearded man react that way when he saw the girl?,VTmis,E,0.8304853461535103,0.7435028553009031,The given information does not provide enough context to determine the reason for the bearded man's reaction.,False
86,VIup8,THE LOYALIST,How does the young girl look at her father when they go hunting?,Q,E,0.8000276215451393,0.855312585830688,The answer is E because the given information does not provide any details about the young girl's expression or feelings towards her father while they are hunting.,False
86,VIup8,THE LOYALIST,How does the young girl look at her father when they go hunting?,Q_noE,A,0.7193708634189028,0.0,I chose this answer because the question implies that the young girl looks at her father with admiration when they go hunting.,False
86,VIup8,THE LOYALIST,How does the young girl look at her father when they go hunting?,T,E,0.783276949283821,0.9708504676818841,The answer is E because the transcript of the dialogue does not provide any information about the young girl's expression or emotions towards her father when they go hunting.,False
86,VIup8,THE LOYALIST,How does the young girl look at her father when they go hunting?,VT,E,0.6622227859973038,0.987103879451751,"The answer is E because the transcript indicates there is no dialogue, so the girl's expression cannot be determined.",False
86,VIup8,THE LOYALIST,How does the young girl look at her father when they go hunting?,VTmis,E,0.6772252548936244,0.9315182566642761,"The answer is 'E' because the transcript indicates there is no dialogue, making it impossible to determine the girl's expression.",False
